id,loan_amnt,home_ownership,annual_inc,dti,int_rate,tax_liens,credit_age,age,loan_status
66301,5000.0,RENT,60000.0,8.1,0.1235,0.0,6656,UNDER_FORTY,0
66441,8875.0,MORTGAGE,75000.0,4.93,0.1885,0.0,4494,OVER_FORTY,0
66500,9000.0,MORTGAGE,52000.0,26.98,0.1155,0.0,7507,UNDER_FORTY,0
66554,3600.0,RENT,93669.0,17.44,0.21600000000000005,0.0,7933,UNDER_FORTY,0
66569,12000.0,RENT,84000.0,17.41,0.1064,0.0,5649,UNDER_FORTY,0
66651,12500.0,MORTGAGE,62000.0,24.83,0.1235,0.0,6472,UNDER_FORTY,0
66764,6350.0,OWN,23000.0,34.8,0.1885,0.0,7355,OVER_FORTY,0
66806,7000.0,RENT,40000.0,21.78,0.1155,0.0,7110,OVER_FORTY,0
66875,8875.0,MORTGAGE,55000.0,12.94,0.1064,0.0,8724,UNDER_FORTY,0
67156,10000.0,RENT,55000.0,14.09,0.17559999999999998,0.0,8999,UNDER_FORTY,0
67165,12000.0,MORTGAGE,130000.0,6.02,0.0971,0.0,6898,OVER_FORTY,0
67167,9600.0,MORTGAGE,42000.0,13.76,0.1155,0.0,6015,UNDER_FORTY,0
67199,12000.0,MORTGAGE,55000.0,9.75,0.0662,0.0,7355,UNDER_FORTY,0
67242,31500.0,OWN,150000.0,8.9,0.1522,0.0,8816,UNDER_FORTY,0
67320,10000.0,MORTGAGE,110000.0,5.61,0.1235,0.0,14112,UNDER_FORTY,0
67332,11950.0,RENT,49900.0,6.3,0.1235,0.0,5711,UNDER_FORTY,0
67367,12000.0,MORTGAGE,70000.0,25.65,0.1825,0.0,6015,UNDER_FORTY,0
67388,6000.0,MORTGAGE,80000.0,5.46,0.0971,0.0,6138,OVER_FORTY,0
67425,9900.0,RENT,48000.0,12.72,0.1522,0.0,6898,OVER_FORTY,0
67430,15200.0,MORTGAGE,105000.0,3.42,0.08900000000000001,0.0,8663,UNDER_FORTY,0
67454,17050.0,RENT,72000.0,15.27,0.1155,0.0,14812,UNDER_FORTY,0
67471,28000.0,MORTGAGE,132000.0,15.38,0.1588,0.0,6533,UNDER_FORTY,0
67497,6075.0,RENT,22500.0,12.53,0.2031,0.0,5072,UNDER_FORTY,0
67510,4200.0,OWN,62400.0,33.36,0.1522,0.0,6960,UNDER_FORTY,0
67618,18000.0,MORTGAGE,168000.0,25.37,0.1368,0.0,12620,OVER_FORTY,0
67645,9000.0,MORTGAGE,45000.0,17.97,0.1522,0.0,9060,UNDER_FORTY,0
67648,32000.0,MORTGAGE,80005.0,21.99,0.1952,0.0,10369,UNDER_FORTY,0
67651,2000.0,RENT,43000.0,20.48,0.1588,0.0,10155,UNDER_FORTY,0
67704,8000.0,MORTGAGE,135000.0,5.13,0.0971,0.0,11738,UNDER_FORTY,0
67738,6500.0,RENT,110000.0,11.92,0.222,0.0,7538,UNDER_FORTY,1
67754,3000.0,OWN,54600.0,18.86,0.208,0.0,6260,UNDER_FORTY,0
67759,15000.0,RENT,67000.0,20.72,0.1305,0.0,11616,OVER_FORTY,0
67777,11400.0,MORTGAGE,42500.0,17.11,0.1885,0.0,5164,UNDER_FORTY,1
67820,17500.0,MORTGAGE,91000.0,6.57,0.0971,0.0,5042,OVER_FORTY,0
67821,4000.0,MORTGAGE,90000.0,25.19,0.17559999999999998,0.0,7721,UNDER_FORTY,1
67825,6000.0,MORTGAGE,60000.0,20.32,0.1678,0.0,6107,UNDER_FORTY,1
67836,10000.0,RENT,40000.0,12.09,0.1952,0.0,6077,OVER_FORTY,1
67849,14000.0,MORTGAGE,205000.0,19.35,0.0762,0.0,9912,OVER_FORTY,0
67880,15000.0,RENT,95000.0,15.76,0.17559999999999998,0.0,6929,OVER_FORTY,0
67883,8400.0,RENT,40000.0,10.17,0.1235,0.0,5499,UNDER_FORTY,0
67947,2000.0,RENT,36000.0,14.17,0.2031,0.0,4464,UNDER_FORTY,1
67961,25000.0,MORTGAGE,242000.0,11.86,0.1433,0.0,11646,UNDER_FORTY,0
68000,6250.0,RENT,34000.0,22.52,0.1368,0.0,3854,UNDER_FORTY,0
68009,4150.0,MORTGAGE,54000.0,13.4,0.1064,0.0,9394,OVER_FORTY,0
68060,1400.0,RENT,63000.0,18.78,0.208,0.0,9213,OVER_FORTY,1
68074,17625.0,MORTGAGE,40000.0,25.89,0.1885,0.0,5772,UNDER_FORTY,0
68088,8600.0,RENT,45000.0,31.52,0.1155,0.0,7294,OVER_FORTY,0
68097,12800.0,RENT,95000.0,22.64,0.1064,0.0,6898,UNDER_FORTY,0
68112,9150.0,RENT,27000.0,18.9,0.08900000000000001,0.0,6868,UNDER_FORTY,0
68124,8000.0,RENT,39500.0,17.27,0.1064,0.0,8602,OVER_FORTY,0
68156,8875.0,MORTGAGE,59386.0,18.51,0.1588,0.0,11343,UNDER_FORTY,0
68163,4800.0,MORTGAGE,88000.0,24.85,0.1825,0.0,6990,OVER_FORTY,0
68177,5000.0,RENT,65000.0,5.58,0.1825,0.0,6168,UNDER_FORTY,0
68178,8000.0,OWN,86000.0,6.82,0.2031,0.0,11373,UNDER_FORTY,1
68185,9600.0,RENT,94000.0,1.1,0.0603,0.0,3946,UNDER_FORTY,0
68187,2000.0,OWN,48000.0,23.25,0.1952,0.0,4280,UNDER_FORTY,0
68211,6625.0,RENT,40196.0,24.45,0.079,0.0,7202,UNDER_FORTY,0
68214,3000.0,RENT,18000.0,15.2,0.1885,0.0,4311,UNDER_FORTY,0
68218,18825.0,MORTGAGE,42000.0,16.2,0.1064,0.0,8786,OVER_FORTY,0
68225,12000.0,RENT,65000.0,23.04,0.1825,0.0,8694,OVER_FORTY,0
68240,9000.0,RENT,72200.0,6.25,0.17559999999999998,0.0,7841,OVER_FORTY,0
68262,12000.0,OWN,55000.0,8.88,0.0603,0.0,12255,OVER_FORTY,0
68275,6700.0,MORTGAGE,64000.0,25.84,0.1522,0.0,7476,UNDER_FORTY,0
68306,10000.0,RENT,64940.0,23.73,0.1433,0.0,6868,UNDER_FORTY,0
68311,33000.0,MORTGAGE,90000.0,24.06,0.1678,0.0,7538,OVER_FORTY,0
68331,10000.0,MORTGAGE,75000.0,8.37,0.1155,0.0,14965,OVER_FORTY,0
68348,10000.0,MORTGAGE,50000.0,13.37,0.1522,0.0,7082,OVER_FORTY,0
68350,20000.0,MORTGAGE,71000.0,20.45,0.1305,0.0,9029,OVER_FORTY,0
68357,19000.0,MORTGAGE,102000.0,14.04,0.1064,0.0,8816,UNDER_FORTY,0
68369,18000.0,RENT,175000.0,9.79,0.1155,0.0,8571,UNDER_FORTY,0
68375,10000.0,MORTGAGE,66000.0,12.89,0.0662,0.0,7447,OVER_FORTY,0
68379,14400.0,RENT,115000.0,18.13,0.1678,0.0,13685,OVER_FORTY,1
68401,10000.0,RENT,44000.0,19.96,0.1885,0.0,5256,UNDER_FORTY,0
68439,17500.0,MORTGAGE,65000.0,16.65,0.1064,0.0,7476,UNDER_FORTY,0
68466,15000.0,MORTGAGE,38000.0,16.8,0.1305,0.0,8147,UNDER_FORTY,0
68471,2400.0,MORTGAGE,125000.0,7.42,0.17559999999999998,0.0,11677,UNDER_FORTY,0
68474,35000.0,RENT,170000.0,9.47,0.1235,0.0,10916,UNDER_FORTY,0
68491,25000.0,MORTGAGE,119600.0,2.07,0.08900000000000001,0.0,7841,OVER_FORTY,0
68492,9500.0,MORTGAGE,60828.92,29.75,0.1522,0.0,6807,OVER_FORTY,1
68503,4750.0,MORTGAGE,40392.0,18.57,0.1678,0.0,9578,UNDER_FORTY,0
68517,10000.0,MORTGAGE,38000.0,22.89,0.08900000000000001,0.0,8390,OVER_FORTY,0
68528,1675.0,RENT,65000.0,18.46,0.2115,0.0,11769,OVER_FORTY,0
68529,8325.0,OWN,40000.0,27.21,0.1588,0.0,7325,OVER_FORTY,0
68532,14000.0,RENT,53400.0,12.6,0.1433,0.0,7141,UNDER_FORTY,0
68539,3000.0,MORTGAGE,35000.0,4.25,0.1305,0.0,7964,OVER_FORTY,0
68543,18000.0,RENT,70000.0,25.42,0.1235,0.0,5560,UNDER_FORTY,0
68557,18000.0,MORTGAGE,50000.0,21.84,0.0662,0.0,8512,UNDER_FORTY,0
68570,11500.0,OWN,41800.0,9.1,0.1235,0.0,5468,OVER_FORTY,0
68592,8500.0,RENT,30650.0,15.21,0.08900000000000001,0.0,4068,UNDER_FORTY,0
68605,19500.0,MORTGAGE,153000.0,10.3,0.0662,0.0,13716,UNDER_FORTY,0
68624,28000.0,RENT,95000.0,23.39,0.1433,0.0,8602,OVER_FORTY,0
68633,31200.0,MORTGAGE,123000.0,8.6,0.0971,0.0,11008,UNDER_FORTY,0
68644,13200.0,RENT,68000.0,16.04,0.1588,0.0,6503,UNDER_FORTY,0
68649,4000.0,MORTGAGE,55000.0,34.87,0.2031,0.0,7051,UNDER_FORTY,0
68653,20700.0,MORTGAGE,46500.0,10.77,0.0762,0.0,7599,OVER_FORTY,0
68659,3000.0,MORTGAGE,110000.0,15.66,0.1368,0.0,8755,OVER_FORTY,0
68665,20000.0,MORTGAGE,68500.0,13.45,0.08900000000000001,0.0,7476,UNDER_FORTY,0
68670,10050.0,OWN,30000.0,25.84,0.1155,0.0,7051,UNDER_FORTY,0
68677,30000.0,RENT,82000.0,15.6,0.1885,0.0,9060,OVER_FORTY,0
68694,19650.0,MORTGAGE,90005.0,30.76,0.208,0.0,10763,UNDER_FORTY,0
68695,20000.0,RENT,110421.0,16.41,0.208,0.0,11738,OVER_FORTY,0
68702,10925.0,RENT,44000.0,32.1,0.1678,0.0,8877,UNDER_FORTY,0
68703,9000.0,MORTGAGE,80000.0,11.7,0.1522,0.0,6776,OVER_FORTY,1
68726,10000.0,MORTGAGE,75000.0,4.13,0.1522,0.0,5042,UNDER_FORTY,0
68738,9000.0,MORTGAGE,110000.0,8.07,0.0662,0.0,14234,OVER_FORTY,0
68741,15000.0,RENT,75674.0,23.12,0.17559999999999998,0.0,8056,UNDER_FORTY,0
68759,23000.0,MORTGAGE,184800.0,29.56,0.1433,0.0,12012,UNDER_FORTY,0
68767,16000.0,MORTGAGE,69000.0,22.89,0.1305,0.0,8056,UNDER_FORTY,0
68809,23000.0,MORTGAGE,92500.0,28.89,0.1155,0.0,9274,UNDER_FORTY,0
68815,6000.0,RENT,53000.0,14.9,0.0971,0.0,10674,OVER_FORTY,0
68827,28000.0,MORTGAGE,115000.0,9.79,0.0971,0.0,7629,OVER_FORTY,0
68828,9000.0,MORTGAGE,70000.0,17.52,0.1235,0.0,5621,UNDER_FORTY,0
68844,30000.0,MORTGAGE,105000.0,14.11,0.1433,0.0,8206,OVER_FORTY,0
68850,6000.0,RENT,54000.0,13.16,0.1825,0.0,7172,UNDER_FORTY,0
68858,12000.0,RENT,60000.0,7.03,0.0762,0.0,6837,UNDER_FORTY,0
68861,10000.0,RENT,47000.0,8.99,0.208,0.0,6260,UNDER_FORTY,0
68864,6950.0,MORTGAGE,89916.0,18.1,0.1885,0.0,5741,UNDER_FORTY,0
68867,15000.0,MORTGAGE,150000.0,18.59,0.0971,0.0,13443,OVER_FORTY,0
68871,7200.0,MORTGAGE,54500.0,9.11,0.0603,0.0,9667,OVER_FORTY,0
68872,20000.0,RENT,100000.0,13.1,0.1235,0.0,13199,UNDER_FORTY,0
68880,17625.0,MORTGAGE,45000.0,5.89,0.079,0.0,10004,UNDER_FORTY,0
68895,20800.0,MORTGAGE,75000.0,19.34,0.1155,0.0,7568,OVER_FORTY,0
68900,20000.0,RENT,100000.0,11.51,0.1885,0.0,5195,UNDER_FORTY,0
68917,19200.0,MORTGAGE,50000.0,24.84,0.1064,0.0,5468,UNDER_FORTY,0
68920,16000.0,RENT,63600.0,21.75,0.0971,0.0,8298,OVER_FORTY,0
68929,16000.0,RENT,60000.0,32.58,0.1522,0.0,10185,UNDER_FORTY,1
68931,12000.0,OWN,55000.0,13.29,0.1678,0.0,13685,OVER_FORTY,0
68934,17000.0,OWN,47500.0,16.0,0.1235,0.0,9455,OVER_FORTY,0
68935,10400.0,MORTGAGE,58000.0,26.56,0.1433,0.0,12773,OVER_FORTY,0
68936,18000.0,MORTGAGE,65000.0,27.1,0.1235,0.0,5284,UNDER_FORTY,0
68937,5000.0,MORTGAGE,48000.0,17.13,0.1368,0.0,5103,UNDER_FORTY,0
68940,6500.0,MORTGAGE,45000.0,4.16,0.1155,0.0,11738,OVER_FORTY,0
68947,20000.0,RENT,48000.0,17.58,0.1825,0.0,8968,UNDER_FORTY,1
68958,24000.0,MORTGAGE,100000.0,2.15,0.0762,0.0,8755,OVER_FORTY,0
68966,6000.0,RENT,45000.0,9.36,0.1885,0.0,8237,UNDER_FORTY,1
68976,10500.0,RENT,285000.0,12.65,0.1885,3.0,8968,UNDER_FORTY,0
68986,31825.0,MORTGAGE,71200.0,24.59,0.1522,0.0,10063,OVER_FORTY,0
69001,3000.0,RENT,35000.0,21.81,0.1885,0.0,4891,UNDER_FORTY,0
69004,12000.0,MORTGAGE,170000.0,4.44,0.0762,0.0,10063,UNDER_FORTY,0
69011,8000.0,RENT,30000.0,16.28,0.1825,0.0,5772,UNDER_FORTY,0
69014,8000.0,MORTGAGE,49000.0,10.33,0.1678,0.0,6199,UNDER_FORTY,0
69015,3600.0,RENT,45000.0,21.55,0.0762,0.0,6291,UNDER_FORTY,0
69036,15000.0,MORTGAGE,70000.0,17.83,0.0971,0.0,6656,UNDER_FORTY,0
69039,13000.0,OWN,54000.0,18.82,0.17559999999999998,0.0,7507,UNDER_FORTY,0
69043,5000.0,MORTGAGE,120360.0,23.67,0.1825,0.0,8268,UNDER_FORTY,0
69044,35000.0,MORTGAGE,100000.0,14.2,0.1155,0.0,14446,OVER_FORTY,0
69045,18000.0,OWN,86000.0,8.36,0.079,0.0,7872,UNDER_FORTY,0
69050,8000.0,RENT,24000.0,15.2,0.1155,0.0,4950,UNDER_FORTY,0
69051,8000.0,MORTGAGE,36000.0,10.83,0.1235,0.0,9790,OVER_FORTY,0
69060,12000.0,MORTGAGE,120000.0,11.26,0.0971,0.0,16730,OVER_FORTY,0
69064,12000.0,RENT,96000.0,2.21,0.1235,0.0,7872,UNDER_FORTY,1
69069,12000.0,MORTGAGE,94500.0,21.74,0.1235,0.0,7202,UNDER_FORTY,0
69072,8500.0,RENT,54000.0,18.91,0.1235,0.0,7386,OVER_FORTY,0
69075,8000.0,MORTGAGE,58000.0,11.71,0.1064,0.0,9790,OVER_FORTY,0
69078,18775.0,RENT,70000.0,20.98,0.1235,0.0,11281,UNDER_FORTY,0
69089,7200.0,MORTGAGE,30000.0,8.08,0.1678,0.0,6837,UNDER_FORTY,0
69090,25000.0,MORTGAGE,109000.0,16.77,0.1522,0.0,6868,UNDER_FORTY,0
69091,9600.0,MORTGAGE,76000.0,9.73,0.1305,0.0,9455,UNDER_FORTY,0
69094,15000.0,MORTGAGE,68000.0,24.02,0.1064,0.0,7629,OVER_FORTY,0
69101,27650.0,OWN,62000.0,13.84,0.1433,0.0,8694,OVER_FORTY,0
69110,20000.0,MORTGAGE,120000.0,19.25,0.1235,0.0,7933,UNDER_FORTY,0
69111,8400.0,MORTGAGE,60000.0,19.1,0.17559999999999998,0.0,7538,UNDER_FORTY,0
69115,8000.0,RENT,63000.0,27.7,0.1235,0.0,12408,OVER_FORTY,0
69121,25000.0,MORTGAGE,65000.0,19.79,0.079,0.0,15361,OVER_FORTY,0
69123,25000.0,RENT,93600.0,18.18,0.1522,0.0,4554,UNDER_FORTY,0
69128,13500.0,RENT,74000.0,21.92,0.1433,0.0,9302,UNDER_FORTY,0
69132,15000.0,RENT,68000.0,18.49,0.1588,0.0,7233,UNDER_FORTY,0
69139,4750.0,MORTGAGE,18936.0,27.25,0.1588,1.0,13991,UNDER_FORTY,0
69144,18000.0,MORTGAGE,50000.0,26.14,0.1064,0.0,6898,UNDER_FORTY,0
69152,20000.0,MORTGAGE,82000.0,12.57,0.1368,0.0,6745,UNDER_FORTY,0
69157,13200.0,RENT,115888.0,5.86,0.0603,0.0,5529,OVER_FORTY,0
69158,10000.0,RENT,50000.0,16.97,0.17559999999999998,0.0,6260,OVER_FORTY,1
69173,18400.0,MORTGAGE,99450.0,8.82,0.1368,0.0,7233,UNDER_FORTY,0
69175,8875.0,RENT,45580.0,7.08,0.0971,0.0,5164,UNDER_FORTY,0
69176,5375.0,MORTGAGE,21000.0,18.4,0.1885,0.0,10735,UNDER_FORTY,1
69183,12000.0,MORTGAGE,57000.0,16.55,0.0971,0.0,8937,UNDER_FORTY,0
69194,12000.0,MORTGAGE,50000.0,3.72,0.1433,0.0,6745,OVER_FORTY,0
69195,7000.0,MORTGAGE,53000.0,22.87,0.1305,0.0,7629,OVER_FORTY,0
69205,8000.0,RENT,90000.0,21.63,0.222,0.0,6929,UNDER_FORTY,1
69207,15000.0,MORTGAGE,80000.0,17.57,0.1064,0.0,9090,UNDER_FORTY,0
69209,12000.0,RENT,62000.0,17.79,0.1952,0.0,7964,UNDER_FORTY,0
69222,12000.0,MORTGAGE,62000.0,17.61,0.1235,0.0,6656,UNDER_FORTY,0
69224,14675.0,RENT,47899.0,25.25,0.1305,0.0,8268,OVER_FORTY,1
69226,8000.0,RENT,60000.0,23.12,0.1825,0.0,8633,OVER_FORTY,0
69228,6000.0,MORTGAGE,80000.0,21.9,0.1825,0.0,5925,UNDER_FORTY,0
69231,12000.0,RENT,69000.0,27.9,0.1885,0.0,12043,UNDER_FORTY,0
69235,4500.0,OWN,40000.0,1.35,0.1952,0.0,5103,UNDER_FORTY,0
69236,19425.0,MORTGAGE,53000.0,32.94,0.1952,0.0,10490,UNDER_FORTY,0
69240,8000.0,RENT,36000.0,8.4,0.1678,0.0,5802,UNDER_FORTY,0
69242,10000.0,OWN,51158.0,12.67,0.1678,0.0,17095,UNDER_FORTY,0
69247,5600.0,MORTGAGE,70800.0,25.77,0.2031,0.0,6564,OVER_FORTY,0
69249,8000.0,MORTGAGE,30000.0,26.52,0.1235,0.0,7021,UNDER_FORTY,0
69255,9600.0,MORTGAGE,79500.0,7.38,0.1433,0.0,8178,UNDER_FORTY,0
69258,16275.0,OWN,37000.0,29.03,0.1235,0.0,8755,UNDER_FORTY,1
69263,10000.0,RENT,60000.0,17.76,0.1064,0.0,7691,UNDER_FORTY,1
69269,18000.0,MORTGAGE,75000.0,20.91,0.1235,0.0,8724,OVER_FORTY,0
69276,10600.0,RENT,36000.0,13.26,0.1155,0.0,4464,UNDER_FORTY,0
69277,15000.0,MORTGAGE,53000.0,12.25,0.1064,0.0,5225,UNDER_FORTY,0
69289,9500.0,MORTGAGE,66000.0,20.98,0.1368,0.0,4799,UNDER_FORTY,0
69292,8000.0,RENT,42000.0,20.66,0.1588,0.0,6960,UNDER_FORTY,1
69293,10625.0,MORTGAGE,40000.0,14.28,0.1678,0.0,6046,UNDER_FORTY,0
69298,9000.0,RENT,70000.0,8.8,0.079,0.0,8694,OVER_FORTY,0
69300,20000.0,RENT,52000.0,20.52,0.1064,0.0,7782,UNDER_FORTY,0
69302,26400.0,MORTGAGE,200000.0,13.44,0.1155,0.0,7691,UNDER_FORTY,0
69305,20000.0,MORTGAGE,95000.0,7.12,0.1433,0.0,9547,UNDER_FORTY,0
69311,3000.0,MORTGAGE,25000.0,6.96,0.1235,0.0,9455,OVER_FORTY,0
69312,10000.0,MORTGAGE,120000.0,3.7,0.2115,0.0,13291,OVER_FORTY,0
69315,20000.0,RENT,102500.0,9.4,0.1305,0.0,10825,UNDER_FORTY,0
69317,10000.0,MORTGAGE,65000.0,4.8,0.1235,0.0,7172,UNDER_FORTY,0
69327,8000.0,MORTGAGE,78000.0,18.95,0.1235,0.0,7202,UNDER_FORTY,1
69328,12800.0,RENT,47000.0,12.23,0.0971,0.0,5864,UNDER_FORTY,0
69330,10000.0,MORTGAGE,82940.0,2.92,0.0971,0.0,7263,UNDER_FORTY,0
69332,9600.0,MORTGAGE,65000.0,3.54,0.1064,0.0,10398,OVER_FORTY,0
69334,15000.0,RENT,45000.0,11.04,0.1678,0.0,7782,OVER_FORTY,0
69336,12000.0,RENT,75000.0,9.78,0.1522,0.0,10032,UNDER_FORTY,0
69340,18000.0,MORTGAGE,92000.0,10.85,0.0971,0.0,8298,OVER_FORTY,0
69345,11800.0,MORTGAGE,53000.0,22.37,0.1678,0.0,5711,UNDER_FORTY,0
69349,5400.0,RENT,44000.0,22.66,0.1678,0.0,5621,UNDER_FORTY,0
69350,12250.0,RENT,50000.0,19.92,0.2031,0.0,5437,UNDER_FORTY,0
69356,11000.0,RENT,60000.0,5.74,0.2031,0.0,6015,UNDER_FORTY,0
69361,12250.0,OWN,35000.0,17.3,0.1155,0.0,6564,UNDER_FORTY,0
69366,12000.0,RENT,65000.0,18.55,0.1678,0.0,7202,UNDER_FORTY,1
69369,16000.0,MORTGAGE,36000.0,31.83,0.1433,0.0,7599,OVER_FORTY,0
69371,8000.0,OWN,70000.0,13.58,0.0971,0.0,6656,UNDER_FORTY,0
69374,10000.0,RENT,35000.0,8.81,0.1678,0.0,6046,UNDER_FORTY,0
69379,15000.0,MORTGAGE,50000.0,24.56,0.0971,0.0,9790,OVER_FORTY,0
69380,8725.0,MORTGAGE,33280.0,21.96,0.1064,0.0,14112,UNDER_FORTY,0
69385,10050.0,RENT,50000.0,21.77,0.1588,0.0,6868,OVER_FORTY,0
69389,16000.0,MORTGAGE,65000.0,24.06,0.17559999999999998,0.0,6898,OVER_FORTY,0
69393,12000.0,MORTGAGE,42000.0,3.8,0.1522,0.0,8694,UNDER_FORTY,0
69395,10000.0,MORTGAGE,36000.0,27.2,0.1368,0.0,11404,UNDER_FORTY,0
69402,17500.0,RENT,90000.0,19.53,0.0762,0.0,9729,UNDER_FORTY,0
69403,6000.0,MORTGAGE,45000.0,16.85,0.1235,0.0,5072,UNDER_FORTY,0
69405,13375.0,RENT,75000.0,28.14,0.17559999999999998,0.0,6807,OVER_FORTY,0
69406,12000.0,RENT,38000.0,20.75,0.1952,0.0,5284,UNDER_FORTY,0
69407,12000.0,RENT,50000.0,16.22,0.1155,0.0,6077,UNDER_FORTY,0
69414,6000.0,RENT,30000.0,13.6,0.1235,0.0,5772,UNDER_FORTY,0
69416,14575.0,RENT,60000.0,31.34,0.1825,0.0,8999,UNDER_FORTY,1
69417,7125.0,RENT,30000.0,13.28,0.1588,0.0,7355,OVER_FORTY,0
69418,8000.0,RENT,45000.0,12.67,0.1235,0.0,7051,UNDER_FORTY,0
69422,2400.0,MORTGAGE,40000.0,28.35,0.17559999999999998,0.0,7476,OVER_FORTY,0
69423,3000.0,MORTGAGE,35000.0,17.04,0.1305,0.0,6686,OVER_FORTY,0
69425,4850.0,MORTGAGE,58000.0,30.27,0.1368,10.0,7082,UNDER_FORTY,0
69426,15000.0,MORTGAGE,85000.0,8.0,0.1305,0.0,9608,OVER_FORTY,0
69428,12800.0,MORTGAGE,101000.0,21.78,0.1368,0.0,8999,UNDER_FORTY,0
69434,14500.0,MORTGAGE,46000.0,23.45,0.1064,0.0,9698,UNDER_FORTY,0
69437,14000.0,MORTGAGE,105000.0,13.23,0.0762,0.0,9455,OVER_FORTY,0
69439,35000.0,MORTGAGE,81000.0,27.07,0.1678,0.0,9639,OVER_FORTY,0
69441,35000.0,RENT,200000.0,11.65,0.2115,0.0,8359,UNDER_FORTY,0
69442,5000.0,RENT,50000.0,24.53,0.21600000000000005,0.0,5986,UNDER_FORTY,0
69444,6075.0,RENT,27000.0,18.62,0.1522,0.0,11616,UNDER_FORTY,0
69445,8500.0,MORTGAGE,57200.0,17.85,0.1885,0.0,6077,OVER_FORTY,0
69447,24000.0,MORTGAGE,114107.0,7.08,0.0603,0.0,8694,OVER_FORTY,0
69451,8000.0,MORTGAGE,70000.0,19.63,0.0971,0.0,11982,OVER_FORTY,0
69463,6075.0,RENT,22000.0,20.73,0.08900000000000001,0.0,8543,UNDER_FORTY,0
69468,17050.0,OWN,39000.0,31.56,0.1305,0.0,7629,UNDER_FORTY,0
69470,4125.0,RENT,15000.0,5.68,0.1155,0.0,4646,UNDER_FORTY,0
69471,17000.0,MORTGAGE,110000.0,15.99,0.0971,0.0,9790,UNDER_FORTY,0
69472,11000.0,MORTGAGE,90000.0,11.64,0.1522,0.0,8602,UNDER_FORTY,1
69473,7000.0,MORTGAGE,61000.0,18.45,0.1235,0.0,14265,OVER_FORTY,0
69476,24000.0,MORTGAGE,125000.0,6.47,0.1155,0.0,12408,UNDER_FORTY,0
69480,1400.0,MORTGAGE,55000.0,27.82,0.1952,0.0,9943,OVER_FORTY,0
69482,10000.0,RENT,51250.0,13.04,0.1825,0.0,6015,UNDER_FORTY,0
69485,6000.0,RENT,90000.0,25.67,0.1825,0.0,6929,OVER_FORTY,0
69489,32000.0,RENT,93000.0,23.38,0.1368,0.0,13596,OVER_FORTY,0
69490,7000.0,MORTGAGE,92000.0,18.2,0.079,0.0,7933,UNDER_FORTY,0
69491,2500.0,MORTGAGE,28000.0,19.59,0.235,0.0,4311,UNDER_FORTY,0
69494,28000.0,MORTGAGE,90000.0,24.34,0.1368,0.0,6260,UNDER_FORTY,0
69495,6000.0,OWN,40000.0,13.7,0.1305,0.0,10582,UNDER_FORTY,0
69504,8150.0,RENT,37000.0,20.4,0.1522,0.0,8178,OVER_FORTY,0
69506,8400.0,RENT,34000.0,24.67,0.1155,0.0,9578,UNDER_FORTY,1
69507,7800.0,OWN,55400.0,14.71,0.17559999999999998,0.0,5437,UNDER_FORTY,0
69510,8000.0,MORTGAGE,30000.0,14.36,0.1155,0.0,5833,UNDER_FORTY,0
69515,8875.0,MORTGAGE,32000.0,26.74,0.1064,0.0,6260,OVER_FORTY,0
69516,10000.0,MORTGAGE,75000.0,9.04,0.1885,0.0,8543,UNDER_FORTY,0
69517,10575.0,MORTGAGE,45000.0,7.71,0.1155,0.0,5315,UNDER_FORTY,0
69519,15000.0,MORTGAGE,103000.0,4.21,0.0603,0.0,9578,OVER_FORTY,0
69522,5000.0,RENT,20800.0,26.09,0.08900000000000001,0.0,9820,UNDER_FORTY,0
69523,10550.0,MORTGAGE,107000.0,15.06,0.1235,0.0,8178,UNDER_FORTY,0
69524,5500.0,RENT,55000.0,21.32,0.1235,0.0,10155,UNDER_FORTY,0
69526,10000.0,OWN,34000.0,14.4,0.1305,0.0,12196,OVER_FORTY,0
69527,4500.0,MORTGAGE,105000.0,13.1,0.2031,0.0,6868,UNDER_FORTY,0
69529,6500.0,MORTGAGE,150000.0,8.01,0.0603,0.0,14996,OVER_FORTY,0
69533,10000.0,OWN,32400.0,5.41,0.079,0.0,9274,UNDER_FORTY,0
69538,18000.0,MORTGAGE,130000.0,15.96,0.079,0.0,8025,UNDER_FORTY,0
69539,10000.0,RENT,50000.0,22.85,0.1588,0.0,9455,UNDER_FORTY,0
69540,6000.0,RENT,55000.0,13.18,0.1588,0.0,4707,UNDER_FORTY,1
69546,12875.0,RENT,51960.0,26.17,0.1305,0.0,7110,UNDER_FORTY,0
69548,7000.0,MORTGAGE,80000.0,6.78,0.0971,0.0,6656,UNDER_FORTY,0
69551,7000.0,RENT,65000.0,9.78,0.17559999999999998,0.0,6625,OVER_FORTY,0
69553,1800.0,OWN,33000.0,8.51,0.2115,0.0,4799,UNDER_FORTY,1
69554,10000.0,RENT,31000.0,20.28,0.1825,0.0,8117,OVER_FORTY,1
69555,12000.0,RENT,63500.0,13.62,0.08900000000000001,0.0,12408,OVER_FORTY,0
69556,15250.0,MORTGAGE,42000.0,21.53,0.0971,0.0,6199,UNDER_FORTY,0
69561,5000.0,MORTGAGE,59733.0,30.36,0.1368,0.0,7325,OVER_FORTY,0
69564,9250.0,OWN,28000.0,8.54,0.1155,0.0,7691,UNDER_FORTY,0
69567,8000.0,RENT,25000.0,26.83,0.1155,0.0,4494,UNDER_FORTY,0
69568,8000.0,OWN,27000.0,23.11,0.1305,0.0,6776,UNDER_FORTY,0
69571,3500.0,OWN,29700.0,16.12,0.1825,0.0,5772,UNDER_FORTY,0
69573,6800.0,OWN,38000.0,27.41,0.1678,0.0,13320,UNDER_FORTY,1
69576,12500.0,RENT,48000.0,7.95,0.1305,0.0,9394,UNDER_FORTY,0
69577,5325.0,MORTGAGE,30000.0,10.56,0.1235,0.0,4585,UNDER_FORTY,1
69580,7975.0,MORTGAGE,45000.0,17.97,0.1064,0.0,5042,UNDER_FORTY,0
69584,21000.0,RENT,117500.0,11.57,0.1305,0.0,6776,OVER_FORTY,0
69585,3000.0,MORTGAGE,55000.0,10.32,0.1952,0.0,7416,OVER_FORTY,0
69586,11600.0,RENT,50000.0,13.68,0.1064,0.0,8298,UNDER_FORTY,0
69588,8875.0,RENT,26000.0,13.34,0.1235,0.0,8390,UNDER_FORTY,0
69589,9000.0,RENT,50000.0,19.66,0.079,0.0,8178,UNDER_FORTY,0
69593,7000.0,MORTGAGE,84000.0,6.39,0.079,0.0,12135,UNDER_FORTY,0
69594,15000.0,RENT,58000.0,7.26,0.1305,0.0,6776,OVER_FORTY,0
69599,11100.0,RENT,45000.0,4.43,0.1678,0.0,4677,UNDER_FORTY,0
69601,11500.0,MORTGAGE,34000.0,27.42,0.08900000000000001,0.0,10155,OVER_FORTY,0
69602,13200.0,MORTGAGE,49791.0,30.89,0.1368,0.0,7507,UNDER_FORTY,0
69608,7125.0,MORTGAGE,57200.0,33.04,0.1678,0.0,5256,OVER_FORTY,0
69613,8000.0,RENT,90000.0,2.33,0.235,0.0,10032,UNDER_FORTY,0
69615,4000.0,RENT,55000.0,19.45,0.1064,0.0,6107,UNDER_FORTY,0
69616,8400.0,MORTGAGE,60000.0,29.09,0.1064,0.0,6230,UNDER_FORTY,0
69624,9000.0,MORTGAGE,260000.0,6.34,0.1235,0.0,11799,UNDER_FORTY,0
69625,10000.0,MORTGAGE,108000.0,18.53,0.1678,0.0,8999,OVER_FORTY,0
69628,24000.0,RENT,59000.0,25.34,0.1235,0.0,7507,OVER_FORTY,0
69629,6000.0,RENT,37000.0,22.24,0.1588,0.0,6168,UNDER_FORTY,1
69631,8900.0,MORTGAGE,50000.0,24.74,0.1235,0.0,7568,UNDER_FORTY,0
69632,18000.0,MORTGAGE,70000.0,34.75,0.2031,0.0,8298,OVER_FORTY,0
69634,10500.0,MORTGAGE,55000.0,12.76,0.1522,0.0,6260,OVER_FORTY,0
69635,2000.0,MORTGAGE,88000.0,10.8,0.1952,0.0,5346,UNDER_FORTY,1
69638,2300.0,MORTGAGE,27480.0,20.74,0.1368,0.0,9182,UNDER_FORTY,0
69640,8000.0,MORTGAGE,38000.0,10.86,0.1588,0.0,4919,UNDER_FORTY,0
69641,12500.0,MORTGAGE,86000.0,12.73,0.1155,0.0,8056,OVER_FORTY,0
69643,10625.0,RENT,31875.72,30.46,0.1825,0.0,8237,UNDER_FORTY,1
69644,7000.0,MORTGAGE,97120.0,2.97,0.222,0.0,7782,UNDER_FORTY,0
69645,2525.0,MORTGAGE,28000.0,21.94,0.1678,0.0,11404,UNDER_FORTY,0
69647,20800.0,MORTGAGE,76000.0,31.34,0.1235,0.0,7294,OVER_FORTY,0
69651,24000.0,MORTGAGE,72000.0,3.35,0.0603,0.0,6533,UNDER_FORTY,0
69657,6400.0,OWN,30000.0,20.28,0.1235,0.0,4919,UNDER_FORTY,0
69659,7200.0,RENT,78500.0,25.22,0.1064,0.0,12439,UNDER_FORTY,0
69661,4750.0,MORTGAGE,101000.0,13.59,0.1952,0.0,14843,UNDER_FORTY,0
69664,28000.0,MORTGAGE,125000.0,2.46,0.1235,0.0,8999,OVER_FORTY,0
69668,14400.0,OWN,47000.0,34.75,0.1235,0.0,9667,UNDER_FORTY,1
69671,12000.0,MORTGAGE,50000.0,22.68,0.0762,0.0,5315,UNDER_FORTY,0
69673,4000.0,RENT,57000.0,4.51,0.2031,0.0,8117,OVER_FORTY,0
69675,11000.0,MORTGAGE,53099.28,15.62,0.1235,0.0,8117,OVER_FORTY,0
69676,15000.0,MORTGAGE,70000.0,9.79,0.1588,0.0,12255,OVER_FORTY,0
69687,10000.0,MORTGAGE,36000.0,10.7,0.1155,0.0,7782,UNDER_FORTY,0
69689,5000.0,RENT,60000.0,24.34,0.1825,0.0,9121,UNDER_FORTY,0
69692,10000.0,RENT,42000.0,17.52,0.1064,0.0,7476,UNDER_FORTY,0
69694,17200.0,RENT,67000.0,18.0,0.1885,0.0,6745,OVER_FORTY,0
69696,28000.0,MORTGAGE,140000.0,11.78,0.079,0.0,11524,OVER_FORTY,0
69699,7200.0,MORTGAGE,61000.0,14.16,0.0603,0.0,12804,OVER_FORTY,0
69700,10000.0,RENT,65500.0,31.04,0.1952,0.0,8178,OVER_FORTY,0
69701,3700.0,MORTGAGE,57000.0,27.37,0.1952,0.0,7447,UNDER_FORTY,1
69707,1550.0,RENT,43680.0,8.1,0.2115,0.0,5407,UNDER_FORTY,0
69708,2000.0,MORTGAGE,54696.0,19.94,0.0762,0.0,7294,UNDER_FORTY,0
69712,35000.0,MORTGAGE,120000.0,22.41,0.1155,0.0,9851,UNDER_FORTY,0
69713,16000.0,MORTGAGE,60000.0,20.5,0.0971,0.0,11493,OVER_FORTY,0
69719,15000.0,MORTGAGE,107000.0,25.01,0.1368,0.0,11281,OVER_FORTY,0
69730,9000.0,MORTGAGE,79800.0,12.63,0.2031,0.0,9698,UNDER_FORTY,0
69732,5175.0,OWN,42000.0,25.74,0.1155,0.0,6929,UNDER_FORTY,0
69737,15000.0,MORTGAGE,98000.0,19.73,0.1064,0.0,7416,OVER_FORTY,0
69738,7500.0,RENT,30000.0,9.4,0.1952,0.0,4341,UNDER_FORTY,0
69744,21000.0,MORTGAGE,116464.0,6.64,0.0603,0.0,13747,UNDER_FORTY,0
69745,6000.0,MORTGAGE,30000.0,10.4,0.1064,0.0,7964,UNDER_FORTY,0
69747,10200.0,MORTGAGE,160000.0,13.33,0.0971,0.0,8206,OVER_FORTY,0
69748,3600.0,MORTGAGE,40000.0,5.82,0.1522,0.0,5894,UNDER_FORTY,1
69752,15000.0,RENT,67691.0,30.33,0.208,0.0,4525,OVER_FORTY,0
69753,1500.0,MORTGAGE,41400.0,22.14,0.1588,0.0,8786,UNDER_FORTY,0
69754,10000.0,MORTGAGE,60000.0,6.92,0.0603,0.0,7416,UNDER_FORTY,0
69760,6000.0,MORTGAGE,40000.0,11.87,0.1155,0.0,5407,UNDER_FORTY,0
69763,5000.0,MORTGAGE,60000.0,2.72,0.08900000000000001,0.0,8877,OVER_FORTY,0
69764,15000.0,RENT,52000.0,15.88,0.0971,0.0,7813,UNDER_FORTY,0
69765,9600.0,MORTGAGE,45000.0,18.61,0.1064,0.0,10216,UNDER_FORTY,0
69767,30000.0,MORTGAGE,234000.0,11.18,0.1235,0.0,6533,UNDER_FORTY,1
69768,21000.0,MORTGAGE,80000.0,14.33,0.17559999999999998,0.0,5529,UNDER_FORTY,0
69775,5950.0,MORTGAGE,48100.0,23.41,0.1678,0.0,7294,UNDER_FORTY,0
69778,12000.0,RENT,72000.0,8.18,0.079,0.0,6595,UNDER_FORTY,0
69786,8325.0,RENT,25000.0,10.42,0.1064,0.0,4038,UNDER_FORTY,0
69787,15000.0,RENT,81000.0,18.96,0.1155,0.0,5376,UNDER_FORTY,0
69789,4000.0,MORTGAGE,73882.0,12.98,0.1235,0.0,7660,UNDER_FORTY,0
69790,12000.0,RENT,47104.0,31.74,0.1588,0.0,7752,UNDER_FORTY,1
69791,6400.0,MORTGAGE,135000.0,5.77,0.1522,0.0,7202,UNDER_FORTY,0
69792,2950.0,RENT,50000.0,21.12,0.1155,0.0,8237,OVER_FORTY,0
69793,30000.0,RENT,123600.0,9.37,0.2031,2.0,9425,OVER_FORTY,1
69794,9500.0,MORTGAGE,76000.0,25.74,0.1064,0.0,8237,OVER_FORTY,0
69796,10000.0,MORTGAGE,73000.0,18.12,0.1368,5.0,7082,UNDER_FORTY,0
69799,18000.0,MORTGAGE,80000.0,31.8,0.1433,0.0,7629,UNDER_FORTY,0
69800,13475.0,RENT,50000.0,31.94,0.1305,0.0,11159,OVER_FORTY,0
69801,10600.0,RENT,42300.0,33.84,0.1155,0.0,5833,UNDER_FORTY,0
69802,3200.0,MORTGAGE,72331.77,1.62,0.1678,0.0,9698,OVER_FORTY,0
69803,12500.0,MORTGAGE,120000.0,12.99,0.0971,0.0,7294,UNDER_FORTY,0
69807,12000.0,RENT,50000.0,9.87,0.1064,0.0,5376,UNDER_FORTY,0
69808,5000.0,RENT,68000.0,14.14,0.1678,0.0,7386,UNDER_FORTY,1
69810,19000.0,MORTGAGE,57000.0,21.09,0.1064,0.0,4981,UNDER_FORTY,0
69811,20000.0,OWN,58500.0,21.76,0.1064,0.0,8543,UNDER_FORTY,0
69812,12000.0,MORTGAGE,55000.0,23.79,0.1678,0.0,6533,UNDER_FORTY,0
69813,15350.0,MORTGAGE,55555.0,28.1,0.08900000000000001,0.0,11585,OVER_FORTY,0
69818,10800.0,OWN,100000.0,12.12,0.1522,0.0,6745,UNDER_FORTY,0
69819,16000.0,RENT,55000.0,19.37,0.1305,0.0,8633,OVER_FORTY,1
69820,20000.0,MORTGAGE,65000.0,31.68,0.1064,0.0,11159,UNDER_FORTY,0
69821,5600.0,OWN,61000.0,11.37,0.1678,6.0,9667,UNDER_FORTY,0
69828,1000.0,RENT,18000.0,22.67,0.1952,0.0,5134,UNDER_FORTY,0
69830,5000.0,MORTGAGE,100000.0,26.52,0.0971,0.0,12620,OVER_FORTY,0
69833,7550.0,RENT,35000.0,23.9,0.1885,0.0,6503,UNDER_FORTY,0
69834,20000.0,MORTGAGE,75000.0,19.1,0.0762,0.0,11128,UNDER_FORTY,0
69837,13250.0,RENT,48222.0,27.5,0.1522,0.0,5711,OVER_FORTY,0
69840,8400.0,MORTGAGE,52000.0,18.76,0.1155,0.0,7110,UNDER_FORTY,0
69843,7800.0,RENT,40000.0,10.08,0.1155,0.0,4950,OVER_FORTY,1
69844,22250.0,MORTGAGE,50400.0,4.81,0.1064,0.0,7110,UNDER_FORTY,0
69845,3000.0,MORTGAGE,49000.0,10.9,0.1235,0.0,10643,OVER_FORTY,0
69846,5000.0,RENT,48000.0,15.3,0.0971,0.0,5772,UNDER_FORTY,0
69847,7300.0,RENT,26488.8,28.65,0.1235,0.0,5802,UNDER_FORTY,0
69851,8800.0,MORTGAGE,95000.0,18.28,0.1433,0.0,11190,OVER_FORTY,0
69853,30000.0,RENT,100000.0,16.9,0.1522,0.0,5195,UNDER_FORTY,0
69856,8450.0,OWN,25200.0,27.57,0.1825,0.0,6533,OVER_FORTY,0
69857,9600.0,MORTGAGE,125000.0,14.54,0.0662,0.0,10551,OVER_FORTY,0
69862,30000.0,MORTGAGE,91000.0,21.02,0.1368,0.0,8755,OVER_FORTY,0
69864,12200.0,RENT,78000.0,4.35,0.1064,0.0,5955,UNDER_FORTY,0
69866,15000.0,MORTGAGE,100000.0,15.47,0.1064,0.0,6898,UNDER_FORTY,0
69867,21000.0,RENT,80000.0,27.86,0.1368,0.0,8268,UNDER_FORTY,0
69869,22000.0,MORTGAGE,50000.0,23.9,0.1064,0.0,8329,UNDER_FORTY,0
69871,15000.0,RENT,45000.0,26.35,0.208,0.0,6472,UNDER_FORTY,0
69875,9000.0,MORTGAGE,55000.0,19.37,0.079,0.0,7660,OVER_FORTY,0
69879,20000.0,RENT,77500.0,27.21,0.1825,0.0,8512,UNDER_FORTY,0
69882,10000.0,MORTGAGE,29000.0,24.95,0.1305,0.0,6776,UNDER_FORTY,0
69883,8000.0,MORTGAGE,62534.0,17.83,0.1155,0.0,7263,UNDER_FORTY,0
69885,20000.0,MORTGAGE,114378.0,7.46,0.0662,0.0,8482,UNDER_FORTY,0
69888,8000.0,MORTGAGE,50000.0,22.37,0.1064,0.0,6411,UNDER_FORTY,0
69889,8500.0,RENT,24305.0,26.27,0.2115,0.0,5833,UNDER_FORTY,0
69891,7775.0,RENT,69000.0,13.13,0.17559999999999998,0.0,11830,UNDER_FORTY,0
69892,1200.0,RENT,10000.0,5.76,0.245,0.0,3915,UNDER_FORTY,0
69893,30000.0,MORTGAGE,81000.0,30.48,0.208,0.0,5864,OVER_FORTY,0
69894,3400.0,MORTGAGE,38000.0,19.55,0.1064,0.0,5621,UNDER_FORTY,0
69895,24000.0,MORTGAGE,130000.0,10.78,0.1064,0.0,11343,OVER_FORTY,0
69896,6000.0,MORTGAGE,36000.0,15.63,0.1825,0.0,4311,UNDER_FORTY,0
69901,30000.0,MORTGAGE,155000.0,10.63,0.1588,0.0,4950,UNDER_FORTY,0
69905,17625.0,RENT,40000.0,12.0,0.0762,0.0,7386,UNDER_FORTY,1
69906,15000.0,RENT,48000.0,23.88,0.1155,0.0,4646,UNDER_FORTY,0
69908,8500.0,RENT,102000.0,3.45,0.0662,0.0,8268,UNDER_FORTY,0
69915,18000.0,MORTGAGE,55000.0,5.69,0.1368,0.0,4919,UNDER_FORTY,1
69916,20000.0,MORTGAGE,81000.0,17.78,0.08900000000000001,0.0,6077,UNDER_FORTY,0
69917,15600.0,RENT,41900.0,6.93,0.1064,0.0,6656,UNDER_FORTY,0
69920,18000.0,MORTGAGE,59000.0,9.66,0.1155,0.0,7903,UNDER_FORTY,0
69924,21000.0,MORTGAGE,124875.0,14.22,0.1235,0.0,6686,UNDER_FORTY,0
69925,23650.0,RENT,54264.0,14.77,0.0762,0.0,10551,OVER_FORTY,0
69926,4800.0,RENT,33000.0,6.4,0.17559999999999998,0.0,5894,UNDER_FORTY,0
69929,7500.0,MORTGAGE,92001.0,11.0,0.1522,0.0,7813,UNDER_FORTY,0
69930,8000.0,MORTGAGE,52000.0,19.32,0.1155,0.0,6960,UNDER_FORTY,0
69932,8000.0,RENT,67000.0,10.84,0.1064,0.0,6686,OVER_FORTY,0
69933,8000.0,MORTGAGE,36000.0,21.13,0.1305,0.0,7568,UNDER_FORTY,0
69937,12000.0,RENT,45000.0,7.01,0.1885,0.0,9182,OVER_FORTY,0
69938,7750.0,MORTGAGE,50000.0,15.46,0.1368,0.0,8298,OVER_FORTY,0
69939,5000.0,MORTGAGE,125000.0,5.22,0.1235,0.0,7538,UNDER_FORTY,0
69940,10675.0,OWN,32000.0,7.5,0.17559999999999998,0.0,4341,UNDER_FORTY,0
69942,20000.0,MORTGAGE,69000.0,19.2,0.0662,0.0,10247,UNDER_FORTY,0
69943,4500.0,RENT,25000.0,26.64,0.1368,0.0,7416,UNDER_FORTY,0
69947,5500.0,RENT,50000.0,22.08,0.1155,0.0,11128,UNDER_FORTY,0
69948,10000.0,MORTGAGE,55000.0,20.57,0.1064,0.0,10735,OVER_FORTY,0
69949,18000.0,RENT,56000.0,22.92,0.1155,0.0,9912,OVER_FORTY,0
69950,2300.0,OWN,61000.0,19.08,0.0662,0.0,10063,UNDER_FORTY,0
69951,4800.0,RENT,30000.0,18.68,0.1825,0.0,4099,UNDER_FORTY,1
69956,10000.0,RENT,37000.0,24.53,0.1368,0.0,17309,UNDER_FORTY,0
69958,10000.0,RENT,49246.0,6.07,0.1305,0.0,9486,OVER_FORTY,0
69959,1500.0,RENT,90000.0,20.27,0.1064,0.0,13657,UNDER_FORTY,0
69960,9000.0,RENT,82000.0,9.23,0.0971,0.0,7202,OVER_FORTY,0
69962,14400.0,RENT,55000.0,19.24,0.08900000000000001,0.0,17826,OVER_FORTY,0
69964,10800.0,RENT,60000.0,8.04,0.0971,0.0,6380,UNDER_FORTY,0
69969,9950.0,RENT,70000.0,13.13,0.21600000000000005,0.0,6868,OVER_FORTY,0
69971,20000.0,MORTGAGE,141500.0,4.07,0.1305,0.0,12043,OVER_FORTY,0
69973,5000.0,RENT,39000.0,13.32,0.1064,0.0,4525,UNDER_FORTY,0
69974,6000.0,RENT,65000.0,10.2,0.1522,0.0,4707,UNDER_FORTY,0
69976,2300.0,RENT,60000.0,18.44,0.1155,0.0,5741,UNDER_FORTY,0
69979,11500.0,MORTGAGE,35000.0,12.45,0.1368,0.0,4799,UNDER_FORTY,0
69982,12500.0,MORTGAGE,95014.33,29.21,0.1155,0.0,7782,OVER_FORTY,0
69983,8000.0,MORTGAGE,40000.0,7.95,0.1885,0.0,6442,UNDER_FORTY,0
69984,10500.0,RENT,35363.0,22.76,0.1235,0.0,4525,UNDER_FORTY,1
69985,10625.0,RENT,32000.0,24.08,0.1235,0.0,3946,UNDER_FORTY,0
69993,15000.0,MORTGAGE,95000.0,6.51,0.1522,0.0,5072,UNDER_FORTY,0
69997,4200.0,RENT,52000.0,15.01,0.1064,0.0,7568,UNDER_FORTY,0
70000,7125.0,MORTGAGE,50000.0,23.97,0.0971,0.0,13473,OVER_FORTY,1
70002,10875.0,OWN,62000.0,19.92,0.1305,0.0,6352,UNDER_FORTY,0
70003,7000.0,MORTGAGE,30000.0,23.72,0.1588,0.0,5802,UNDER_FORTY,0
70004,20000.0,MORTGAGE,90000.0,15.29,0.0662,0.0,8390,OVER_FORTY,0
70005,2800.0,MORTGAGE,35000.0,17.66,0.1064,0.0,7507,UNDER_FORTY,0
70006,15000.0,MORTGAGE,140000.0,19.99,0.1064,0.0,6352,UNDER_FORTY,0
70008,10000.0,MORTGAGE,67000.0,7.34,0.1678,0.0,7447,OVER_FORTY,0
70009,16000.0,RENT,70000.0,11.95,0.0971,0.0,7721,OVER_FORTY,0
70012,9000.0,OWN,79000.0,17.85,0.0971,0.0,13169,OVER_FORTY,0
70018,12000.0,OWN,41600.0,12.35,0.1064,0.0,5256,UNDER_FORTY,0
70019,18000.0,MORTGAGE,103200.0,8.29,0.1064,0.0,8206,OVER_FORTY,1
70020,5000.0,RENT,30000.0,27.2,0.1064,0.0,7325,UNDER_FORTY,0
70022,10000.0,MORTGAGE,44200.0,6.14,0.1155,0.0,5925,UNDER_FORTY,0
70025,8100.0,RENT,85000.0,14.82,0.1885,0.0,5649,UNDER_FORTY,0
70026,7200.0,MORTGAGE,38000.0,17.81,0.17559999999999998,0.0,5284,UNDER_FORTY,0
70027,16700.0,MORTGAGE,75000.0,20.96,0.227,0.0,6411,OVER_FORTY,0
70028,22000.0,MORTGAGE,150000.0,1.64,0.0603,0.0,7903,OVER_FORTY,0
70029,4000.0,MORTGAGE,51000.0,24.24,0.1952,0.0,8056,UNDER_FORTY,0
70030,8400.0,MORTGAGE,120000.0,7.7,0.1433,0.0,7660,OVER_FORTY,0
70031,10000.0,MORTGAGE,82000.0,3.45,0.0971,0.0,6868,OVER_FORTY,0
70033,10000.0,MORTGAGE,50000.0,4.44,0.1368,0.0,13657,UNDER_FORTY,0
70037,14800.0,MORTGAGE,100000.0,21.42,0.08900000000000001,0.0,15238,OVER_FORTY,0
70038,12000.0,RENT,40000.0,6.81,0.0971,0.0,6107,UNDER_FORTY,0
70041,15000.0,MORTGAGE,42000.0,26.89,0.08900000000000001,0.0,7994,UNDER_FORTY,0
70043,6800.0,OWN,30000.0,25.16,0.1155,0.0,5741,UNDER_FORTY,0
70045,5600.0,MORTGAGE,50000.0,20.35,0.0971,0.0,8968,UNDER_FORTY,0
70047,10000.0,MORTGAGE,75000.0,5.25,0.1368,0.0,12439,UNDER_FORTY,0
70050,2000.0,RENT,72500.0,1.96,0.1155,0.0,4341,UNDER_FORTY,0
70051,6000.0,RENT,55000.0,19.96,0.0971,0.0,11890,UNDER_FORTY,0
70053,10000.0,MORTGAGE,32000.0,18.94,0.1064,0.0,5195,UNDER_FORTY,0
70054,12800.0,MORTGAGE,125000.0,1.24,0.079,0.0,10094,UNDER_FORTY,0
70055,10000.0,RENT,30000.0,16.05,0.1522,0.0,5925,UNDER_FORTY,1
70059,12000.0,MORTGAGE,100281.0,14.9,0.1588,0.0,15511,UNDER_FORTY,0
70060,20000.0,MORTGAGE,100134.0,19.82,0.0603,0.0,11100,OVER_FORTY,0
70065,7000.0,RENT,52000.0,2.61,0.1825,0.0,5011,UNDER_FORTY,0
70066,7750.0,RENT,68000.0,13.61,0.1825,0.0,5925,UNDER_FORTY,0
70067,25000.0,MORTGAGE,125000.0,18.73,0.06,1.0,10308,OVER_FORTY,0
70068,10800.0,RENT,50000.0,15.55,0.17559999999999998,0.0,12620,UNDER_FORTY,0
70069,15000.0,MORTGAGE,48000.0,16.25,0.17559999999999998,0.0,7721,UNDER_FORTY,1
70070,24000.0,MORTGAGE,68000.0,12.53,0.0662,0.0,9364,UNDER_FORTY,0
70071,21500.0,MORTGAGE,125000.0,16.12,0.0662,0.0,12347,UNDER_FORTY,0
70072,9000.0,RENT,31000.0,14.21,0.1368,0.0,7964,OVER_FORTY,0
70074,2000.0,MORTGAGE,50000.0,16.42,0.1433,0.0,7386,UNDER_FORTY,0
70076,18000.0,MORTGAGE,110000.0,15.85,0.1064,0.0,9639,OVER_FORTY,0
70077,12000.0,MORTGAGE,72000.0,13.13,0.0762,0.0,7721,UNDER_FORTY,0
70083,12000.0,MORTGAGE,45000.0,3.33,0.0603,0.0,5195,UNDER_FORTY,0
70086,3500.0,MORTGAGE,110000.0,18.89,0.2031,0.0,14446,OVER_FORTY,0
70087,18000.0,RENT,120000.0,10.99,0.1064,0.0,8206,OVER_FORTY,0
70091,7000.0,RENT,66000.0,18.25,0.17559999999999998,0.0,8968,OVER_FORTY,0
70094,10000.0,MORTGAGE,56520.0,20.81,0.0603,0.0,14630,OVER_FORTY,0
70095,7375.0,MORTGAGE,80000.0,17.3,0.1155,0.0,7872,OVER_FORTY,0
70096,15000.0,MORTGAGE,42000.0,9.8,0.17559999999999998,0.0,8237,OVER_FORTY,0
70097,12000.0,MORTGAGE,50295.0,14.48,0.1433,0.0,7082,OVER_FORTY,0
70098,24175.0,OWN,67977.6,13.89,0.0603,0.0,11434,OVER_FORTY,0
70100,5000.0,RENT,60000.0,12.9,0.1368,0.0,13230,OVER_FORTY,0
70107,5200.0,RENT,70000.0,9.26,0.1368,0.0,7386,UNDER_FORTY,1
70108,15000.0,OWN,51000.0,31.23,0.2115,0.0,6533,OVER_FORTY,0
70109,8500.0,MORTGAGE,26208.0,11.86,0.1305,0.0,11493,OVER_FORTY,0
70110,5600.0,RENT,48000.0,15.45,0.17559999999999998,0.0,5225,UNDER_FORTY,0
70111,24000.0,MORTGAGE,120000.0,0.73,0.0662,0.0,6046,OVER_FORTY,0
70113,6500.0,OWN,52000.0,25.92,0.1155,0.0,6260,UNDER_FORTY,0
70116,14000.0,MORTGAGE,105000.0,10.95,0.1952,0.0,9790,UNDER_FORTY,0
70117,6625.0,RENT,49941.29,15.45,0.2031,0.0,6625,UNDER_FORTY,0
70118,5000.0,RENT,30000.0,10.56,0.1155,0.0,4981,UNDER_FORTY,0
70120,9500.0,MORTGAGE,75000.0,13.53,0.1885,0.0,8694,UNDER_FORTY,0
70122,24000.0,MORTGAGE,130000.0,19.74,0.0603,0.0,10613,OVER_FORTY,0
70123,10000.0,OWN,75000.0,24.67,0.1305,0.0,7813,OVER_FORTY,0
70124,5825.0,MORTGAGE,26000.0,21.09,0.1678,0.0,9182,UNDER_FORTY,0
70126,20000.0,MORTGAGE,55000.0,21.47,0.1155,0.0,7599,OVER_FORTY,0
70127,6000.0,RENT,52000.0,7.2,0.1155,0.0,5680,UNDER_FORTY,0
70128,18000.0,RENT,74500.0,11.24,0.1368,0.0,6717,UNDER_FORTY,0
70131,10000.0,RENT,65000.0,25.07,0.1825,0.0,16426,UNDER_FORTY,1
70132,6000.0,RENT,59000.0,6.98,0.1678,0.0,13046,OVER_FORTY,0
70133,9500.0,MORTGAGE,83000.0,0.01,0.0762,0.0,7872,UNDER_FORTY,0
70134,6000.0,MORTGAGE,57000.0,19.18,0.1064,0.0,6564,UNDER_FORTY,0
70135,17500.0,MORTGAGE,48000.0,20.17,0.0603,0.0,15542,UNDER_FORTY,0
70138,6400.0,MORTGAGE,115000.0,29.55,0.2031,0.0,12895,UNDER_FORTY,1
70141,20000.0,MORTGAGE,54000.0,8.16,0.08900000000000001,0.0,6107,UNDER_FORTY,0
70142,20000.0,RENT,74854.0,11.37,0.1885,0.0,11008,UNDER_FORTY,0
70143,16375.0,MORTGAGE,62500.0,25.22,0.1522,0.0,7051,UNDER_FORTY,0
70144,12000.0,RENT,48000.0,14.4,0.1064,0.0,7568,OVER_FORTY,0
70145,18250.0,MORTGAGE,75000.0,13.04,0.1522,0.0,7903,UNDER_FORTY,0
70147,9500.0,RENT,50000.0,17.3,0.1064,0.0,9182,UNDER_FORTY,0
70155,8500.0,RENT,39995.0,19.26,0.1064,0.0,18770,UNDER_FORTY,0
70156,20000.0,MORTGAGE,80000.0,20.82,0.1155,0.0,8298,UNDER_FORTY,0
70158,14000.0,MORTGAGE,73000.0,14.91,0.1155,0.0,8602,UNDER_FORTY,0
70161,7000.0,RENT,25000.0,24.43,0.1885,0.0,5711,OVER_FORTY,1
70163,7000.0,MORTGAGE,115000.0,7.64,0.1952,0.0,7021,UNDER_FORTY,0
70165,11200.0,MORTGAGE,63000.0,10.57,0.1588,1.0,5649,UNDER_FORTY,0
70166,7000.0,OWN,35000.0,6.17,0.2031,0.0,4494,UNDER_FORTY,1
70168,30000.0,MORTGAGE,80000.0,21.77,0.1522,0.0,7202,UNDER_FORTY,1
70170,6050.0,RENT,41544.0,27.73,0.1155,0.0,7082,UNDER_FORTY,0
70171,28000.0,MORTGAGE,170000.0,13.66,0.08900000000000001,0.0,9394,UNDER_FORTY,0
70172,6625.0,MORTGAGE,23000.0,20.67,0.1235,0.0,10094,OVER_FORTY,0
70173,11200.0,RENT,50600.0,28.6,0.1588,0.0,4464,UNDER_FORTY,0
70174,9000.0,RENT,79000.0,12.79,0.1678,0.0,5649,UNDER_FORTY,0
70175,2000.0,MORTGAGE,73000.0,12.87,0.1952,0.0,10460,UNDER_FORTY,0
70177,12000.0,RENT,72000.0,18.13,0.1952,0.0,7021,OVER_FORTY,0
70179,14000.0,RENT,90000.0,19.08,0.1885,0.0,12651,OVER_FORTY,0
70180,10000.0,RENT,50000.0,21.47,0.1155,0.0,6503,UNDER_FORTY,0
70184,8000.0,RENT,184000.0,14.61,0.1155,0.0,10308,UNDER_FORTY,0
70187,18000.0,MORTGAGE,70000.0,15.82,0.1155,0.0,5134,OVER_FORTY,0
70189,6000.0,MORTGAGE,80000.0,17.57,0.0662,0.0,8482,UNDER_FORTY,0
70191,20000.0,MORTGAGE,70000.0,11.52,0.1064,0.0,7386,UNDER_FORTY,0
70193,28000.0,MORTGAGE,101000.0,14.82,0.0971,0.0,8571,OVER_FORTY,0
70194,21025.0,RENT,117000.0,11.26,0.1155,0.0,8390,UNDER_FORTY,0
70195,12000.0,MORTGAGE,65000.0,25.61,0.1064,0.0,7721,OVER_FORTY,0
70196,15000.0,MORTGAGE,120000.0,12.8,0.0662,0.0,8543,UNDER_FORTY,0
70198,10000.0,MORTGAGE,70000.0,14.57,0.0971,0.0,11646,OVER_FORTY,1
70199,6800.0,MORTGAGE,75000.0,23.38,0.1235,0.0,9121,UNDER_FORTY,0
70202,6000.0,MORTGAGE,67500.0,10.49,0.1885,0.0,5284,UNDER_FORTY,0
70203,4000.0,OWN,40000.0,25.02,0.1825,0.0,6837,OVER_FORTY,0
70204,6000.0,RENT,71297.0,5.3,0.0971,0.0,9759,UNDER_FORTY,0
70206,16000.0,RENT,97000.0,9.35,0.079,0.0,11128,OVER_FORTY,0
70211,14400.0,MORTGAGE,120000.0,27.41,0.17559999999999998,0.0,13107,OVER_FORTY,0
70213,10000.0,MORTGAGE,100000.0,10.96,0.0971,0.0,8543,UNDER_FORTY,0
70215,9000.0,MORTGAGE,52000.0,7.64,0.08900000000000001,0.0,13657,UNDER_FORTY,0
70216,12250.0,RENT,35910.0,16.84,0.0971,0.0,7386,UNDER_FORTY,0
70219,15000.0,RENT,40000.0,22.82,0.1522,0.0,9639,OVER_FORTY,1
70220,7000.0,MORTGAGE,55000.0,17.91,0.0971,0.0,10763,OVER_FORTY,0
70221,3500.0,MORTGAGE,96000.0,15.23,0.1368,0.0,7568,UNDER_FORTY,0
70223,7500.0,RENT,40000.0,9.03,0.1235,0.0,6442,UNDER_FORTY,0
70224,7000.0,OWN,36400.0,24.63,0.1235,0.0,6990,UNDER_FORTY,0
70226,8000.0,MORTGAGE,50000.0,18.99,0.1064,0.0,6503,UNDER_FORTY,1
70227,10000.0,MORTGAGE,50000.0,13.75,0.0971,0.0,11281,OVER_FORTY,1
70229,12500.0,MORTGAGE,36000.0,20.13,0.1155,0.0,10916,UNDER_FORTY,0
70230,24000.0,MORTGAGE,120000.0,0.55,0.0762,0.0,6898,UNDER_FORTY,0
70231,21000.0,MORTGAGE,160000.0,8.97,0.0662,0.0,7903,UNDER_FORTY,0
70233,10000.0,RENT,140000.0,20.31,0.1064,0.0,12773,OVER_FORTY,0
70235,5600.0,RENT,50000.0,7.7,0.1305,0.0,8025,OVER_FORTY,1
70236,6400.0,MORTGAGE,32000.0,19.99,0.1825,0.0,6230,UNDER_FORTY,0
70239,9000.0,OWN,107400.0,32.55,0.1155,0.0,9547,UNDER_FORTY,0
70240,10750.0,MORTGAGE,35000.0,31.55,0.1522,0.0,10429,UNDER_FORTY,1
70241,10000.0,MORTGAGE,155000.0,10.08,0.0603,0.0,7082,UNDER_FORTY,0
70242,20000.0,MORTGAGE,85000.0,13.75,0.1155,0.0,9090,UNDER_FORTY,0
70245,12675.0,RENT,90000.0,7.96,0.17559999999999998,0.0,7691,UNDER_FORTY,0
70249,10000.0,MORTGAGE,78000.0,27.48,0.17559999999999998,0.0,7202,UNDER_FORTY,0
70255,13250.0,RENT,41500.0,29.06,0.208,0.0,11738,UNDER_FORTY,0
70256,8325.0,RENT,47000.0,10.11,0.1064,0.0,9639,OVER_FORTY,1
70257,25000.0,MORTGAGE,60000.0,13.6,0.17559999999999998,0.0,11859,OVER_FORTY,0
70258,10000.0,RENT,52000.0,11.1,0.1433,0.0,5833,UNDER_FORTY,1
70259,8000.0,MORTGAGE,60000.0,6.04,0.0603,0.0,11434,OVER_FORTY,0
70260,30000.0,MORTGAGE,196000.0,24.45,0.1588,0.0,10613,OVER_FORTY,0
70262,20000.0,MORTGAGE,97500.0,22.86,0.1064,0.0,9486,OVER_FORTY,0
70263,10000.0,MORTGAGE,115000.0,10.38,0.1064,0.0,8512,UNDER_FORTY,0
70264,1800.0,RENT,40000.0,5.61,0.1235,0.0,7599,OVER_FORTY,0
70265,30000.0,MORTGAGE,132000.0,14.05,0.1155,0.0,8663,UNDER_FORTY,0
70268,20000.0,MORTGAGE,80000.0,21.87,0.1235,0.0,16913,UNDER_FORTY,0
70269,3225.0,MORTGAGE,36000.0,17.33,0.1678,0.0,7263,UNDER_FORTY,0
70270,4200.0,MORTGAGE,162000.0,14.79,0.1368,0.0,7994,OVER_FORTY,0
70271,10000.0,RENT,58000.0,5.38,0.1155,0.0,11434,UNDER_FORTY,1
70272,12000.0,MORTGAGE,79872.0,12.94,0.1064,0.0,6138,UNDER_FORTY,0
70273,10000.0,MORTGAGE,75000.0,20.7,0.0662,0.0,10247,OVER_FORTY,0
70274,22175.0,MORTGAGE,70000.0,18.22,0.1368,0.0,10398,OVER_FORTY,0
70275,18400.0,RENT,99100.0,7.02,0.0971,0.0,10978,UNDER_FORTY,0
70276,19200.0,MORTGAGE,110000.0,18.58,0.1825,2.0,7507,UNDER_FORTY,0
70278,9400.0,MORTGAGE,56410.0,23.63,0.1064,0.0,6321,UNDER_FORTY,0
70279,12000.0,MORTGAGE,110000.0,20.72,0.0971,0.0,7202,UNDER_FORTY,0
70280,12000.0,RENT,36000.0,23.5,0.1155,0.0,7110,UNDER_FORTY,0
70282,12000.0,RENT,87000.0,9.94,0.208,0.0,10582,OVER_FORTY,0
70285,5000.0,RENT,80000.0,2.99,0.1588,0.0,5680,UNDER_FORTY,0
70286,9000.0,OWN,44000.0,24.68,0.1433,0.0,7903,UNDER_FORTY,0
70287,7850.0,RENT,70000.0,7.42,0.1235,0.0,8999,UNDER_FORTY,0
70290,15000.0,MORTGAGE,49000.0,22.43,0.0971,0.0,9639,UNDER_FORTY,0
70291,9000.0,MORTGAGE,30000.0,20.32,0.1368,0.0,6686,UNDER_FORTY,0
70292,2500.0,OWN,38000.0,13.71,0.1064,0.0,4677,UNDER_FORTY,0
70293,24000.0,RENT,103000.0,15.77,0.1064,0.0,7082,UNDER_FORTY,0
70294,4500.0,RENT,23400.0,27.23,0.1825,0.0,5741,UNDER_FORTY,0
70295,20000.0,MORTGAGE,70000.0,4.65,0.079,0.0,8421,UNDER_FORTY,0
70296,8000.0,MORTGAGE,60000.0,8.72,0.1368,0.0,7325,OVER_FORTY,0
70297,16000.0,RENT,55000.0,8.15,0.0971,0.0,9790,UNDER_FORTY,0
70298,5500.0,MORTGAGE,20000.0,21.72,0.1952,0.0,4891,UNDER_FORTY,0
70299,18250.0,OWN,44000.0,33.44,0.1368,0.0,5468,UNDER_FORTY,0
70300,35000.0,RENT,90000.0,17.17,0.1678,0.0,9639,OVER_FORTY,0
70302,10000.0,MORTGAGE,140000.0,6.98,0.079,0.0,6564,UNDER_FORTY,0
70303,7000.0,MORTGAGE,130000.0,7.36,0.0662,0.0,5560,UNDER_FORTY,0
70304,12000.0,RENT,88000.0,10.87,0.1064,0.0,12377,OVER_FORTY,1
70305,3500.0,RENT,60000.0,2.26,0.1368,0.0,6321,UNDER_FORTY,0
70306,21000.0,MORTGAGE,106000.0,22.55,0.1155,0.0,6929,OVER_FORTY,0
70308,10400.0,RENT,100000.0,30.92,0.17559999999999998,0.0,6837,UNDER_FORTY,1
70309,25000.0,RENT,96273.0,18.34,0.1305,0.0,4677,UNDER_FORTY,0
70311,28100.0,MORTGAGE,250000.0,7.2,0.1235,0.0,8571,OVER_FORTY,0
70312,15000.0,RENT,105000.0,5.51,0.1155,0.0,9182,UNDER_FORTY,1
70313,20050.0,RENT,75000.0,25.73,0.1368,0.0,5376,UNDER_FORTY,0
70314,10000.0,MORTGAGE,85000.0,24.45,0.0971,0.0,7233,UNDER_FORTY,0
70315,9600.0,RENT,72000.0,2.05,0.1885,0.0,5711,UNDER_FORTY,1
70316,10225.0,MORTGAGE,42000.0,8.49,0.1235,0.0,13747,UNDER_FORTY,0
70318,18000.0,OWN,72000.0,2.0,0.1064,0.0,6230,OVER_FORTY,0
70320,2000.0,RENT,18000.0,5.4,0.1235,0.0,6046,UNDER_FORTY,0
70321,24000.0,MORTGAGE,150000.0,7.91,0.1064,0.0,5256,UNDER_FORTY,0
70322,18000.0,MORTGAGE,40000.0,20.19,0.1885,0.0,7082,UNDER_FORTY,0
70324,22500.0,RENT,85000.0,13.98,0.1825,0.0,6138,UNDER_FORTY,0
70326,10000.0,RENT,61000.0,17.82,0.0603,0.0,14022,UNDER_FORTY,0
70328,10000.0,RENT,55318.0,12.69,0.1064,0.0,8571,UNDER_FORTY,0
70330,15000.0,RENT,45000.0,20.29,0.1155,0.0,7325,UNDER_FORTY,0
70331,3750.0,MORTGAGE,63600.0,15.23,0.2115,1.0,7752,OVER_FORTY,0
70332,18000.0,RENT,90000.0,12.56,0.1305,0.0,8571,OVER_FORTY,0
70335,11000.0,RENT,50300.0,11.28,0.1588,0.0,10825,OVER_FORTY,0
70338,10600.0,RENT,60000.0,11.7,0.08900000000000001,0.0,8390,UNDER_FORTY,0
70339,5375.0,MORTGAGE,65000.0,0.28,0.21600000000000005,0.0,5376,UNDER_FORTY,0
70341,24000.0,MORTGAGE,175000.0,9.63,0.0662,0.0,9698,UNDER_FORTY,0
70346,20000.0,RENT,45000.0,24.16,0.1305,0.0,15391,UNDER_FORTY,0
70347,4000.0,RENT,34000.0,4.69,0.1885,0.0,4280,UNDER_FORTY,0
70349,10000.0,RENT,72000.0,24.48,0.17559999999999998,0.0,7782,UNDER_FORTY,0
70353,8500.0,RENT,25000.0,19.58,0.1155,0.0,7202,OVER_FORTY,0
70354,21000.0,MORTGAGE,145000.0,4.13,0.08900000000000001,0.0,6564,OVER_FORTY,0
70355,21000.0,MORTGAGE,190000.0,22.2,0.1064,0.0,8602,OVER_FORTY,0
70356,10000.0,MORTGAGE,50000.0,29.93,0.1885,0.0,15238,UNDER_FORTY,0
70358,6000.0,RENT,78000.0,13.82,0.0603,0.0,9486,UNDER_FORTY,0
70359,5500.0,RENT,30000.0,30.64,0.1952,0.0,3854,UNDER_FORTY,0
70360,25000.0,MORTGAGE,200000.0,8.23,0.08900000000000001,0.0,8694,UNDER_FORTY,1
70362,6000.0,RENT,65000.0,11.45,0.1305,0.0,6990,UNDER_FORTY,0
70363,7500.0,RENT,29500.0,34.01,0.1588,0.0,7538,UNDER_FORTY,0
70364,15000.0,MORTGAGE,36000.0,26.73,0.1678,0.0,7476,UNDER_FORTY,0
70365,10000.0,MORTGAGE,98000.0,16.13,0.1155,0.0,8421,UNDER_FORTY,0
70366,11500.0,RENT,34200.0,27.58,0.1064,0.0,6990,UNDER_FORTY,0
70367,11975.0,MORTGAGE,100000.0,14.35,0.0662,0.0,10155,UNDER_FORTY,0
70368,8450.0,RENT,42000.0,18.49,0.1305,0.0,8816,UNDER_FORTY,0
70369,6000.0,MORTGAGE,52000.0,17.01,0.0971,0.0,9213,OVER_FORTY,0
70370,10975.0,OWN,32000.0,14.78,0.1678,0.0,9182,OVER_FORTY,1
70371,12250.0,RENT,35000.0,25.23,0.1064,0.0,8237,UNDER_FORTY,0
70372,7000.0,RENT,60000.0,9.42,0.08900000000000001,0.0,9973,UNDER_FORTY,0
70373,9750.0,RENT,30000.0,29.16,0.1235,0.0,10216,UNDER_FORTY,0
70374,11000.0,OWN,62000.0,14.21,0.0971,0.0,6960,UNDER_FORTY,0
70375,15000.0,MORTGAGE,94800.0,13.75,0.1368,0.0,6352,UNDER_FORTY,0
70377,6350.0,MORTGAGE,45000.0,29.81,0.1155,0.0,18099,OVER_FORTY,1
70378,11500.0,MORTGAGE,52000.0,21.78,0.1064,0.0,12500,OVER_FORTY,0
70380,2000.0,RENT,60000.0,7.6,0.2115,0.0,8512,OVER_FORTY,0
70381,6400.0,MORTGAGE,58000.0,17.22,0.1155,0.0,12561,OVER_FORTY,0
70382,9750.0,MORTGAGE,32000.0,20.07,0.1155,0.0,5042,UNDER_FORTY,0
70383,3000.0,RENT,81000.0,27.17,0.2031,0.0,8663,OVER_FORTY,0
70385,10400.0,RENT,75000.0,20.65,0.1155,0.0,7872,UNDER_FORTY,0
70388,5000.0,RENT,65000.0,21.29,0.1678,0.0,9729,OVER_FORTY,0
70389,23675.0,RENT,54500.0,24.11,0.1235,0.0,11951,OVER_FORTY,0
70392,10000.0,RENT,35000.0,9.84,0.1064,0.0,5042,UNDER_FORTY,0
70393,22000.0,MORTGAGE,73000.0,20.61,0.17559999999999998,0.0,10460,OVER_FORTY,0
70394,28800.0,MORTGAGE,73000.0,11.37,0.2031,0.0,7721,UNDER_FORTY,0
70395,21000.0,MORTGAGE,95000.0,12.28,0.1155,0.0,9759,UNDER_FORTY,0
70397,24000.0,MORTGAGE,70000.0,26.04,0.08900000000000001,0.0,5741,UNDER_FORTY,0
70398,18000.0,MORTGAGE,40000.0,7.59,0.0603,0.0,11312,UNDER_FORTY,0
70399,12000.0,RENT,40000.0,23.97,0.08900000000000001,0.0,4707,UNDER_FORTY,0
70400,12000.0,MORTGAGE,54000.0,21.64,0.1235,0.0,6837,OVER_FORTY,0
70401,10000.0,MORTGAGE,80000.0,21.32,0.1885,0.0,12377,OVER_FORTY,0
70403,9750.0,RENT,40000.0,15.9,0.17559999999999998,0.0,8602,OVER_FORTY,0
70404,5000.0,RENT,73078.0,16.16,0.1064,0.0,5164,UNDER_FORTY,1
70405,15275.0,MORTGAGE,96500.0,13.49,0.0762,0.0,13382,UNDER_FORTY,1
70406,17625.0,RENT,40000.0,18.27,0.1235,0.0,7294,OVER_FORTY,0
70407,6000.0,RENT,41600.0,15.12,0.1522,0.0,5711,OVER_FORTY,0
70409,12875.0,MORTGAGE,45000.0,18.4,0.2115,0.0,8268,UNDER_FORTY,0
70410,4000.0,RENT,38000.0,21.57,0.1885,0.0,6960,UNDER_FORTY,0
70411,20000.0,MORTGAGE,140000.0,9.81,0.1368,0.0,7447,UNDER_FORTY,0
70417,8875.0,MORTGAGE,50666.0,30.06,0.1235,0.0,7629,OVER_FORTY,0
70418,5000.0,RENT,35000.0,6.17,0.1588,0.0,6472,UNDER_FORTY,1
70419,15000.0,MORTGAGE,75000.0,21.42,0.17559999999999998,0.0,7386,UNDER_FORTY,0
70421,2400.0,RENT,30000.0,23.68,0.1952,0.0,9394,UNDER_FORTY,0
70424,17000.0,RENT,52000.0,24.0,0.1678,0.0,7355,UNDER_FORTY,0
70425,16000.0,MORTGAGE,58897.0,15.76,0.1305,0.0,7964,UNDER_FORTY,0
70426,13200.0,RENT,57000.0,14.34,0.1368,0.0,5529,UNDER_FORTY,0
70429,35000.0,OWN,120000.0,10.12,0.1433,0.0,8359,OVER_FORTY,0
70431,20000.0,MORTGAGE,70000.0,14.88,0.0603,0.0,9639,UNDER_FORTY,0
70432,5000.0,MORTGAGE,49000.0,22.6,0.1235,0.0,11555,UNDER_FORTY,0
70433,11175.0,MORTGAGE,63000.0,15.43,0.1368,0.0,10825,UNDER_FORTY,0
70435,22000.0,RENT,50000.0,32.59,0.1368,0.0,6564,UNDER_FORTY,0
70437,28000.0,MORTGAGE,126251.0,11.72,0.079,0.0,11190,OVER_FORTY,0
70438,10000.0,MORTGAGE,42000.0,20.11,0.1885,0.0,7629,OVER_FORTY,0
70439,4800.0,RENT,27000.0,21.11,0.1368,0.0,6717,OVER_FORTY,1
70440,8000.0,RENT,42500.0,11.07,0.1678,0.0,5284,UNDER_FORTY,0
70441,7000.0,MORTGAGE,45500.0,10.68,0.0971,0.0,7660,UNDER_FORTY,0
70442,11625.0,RENT,48000.0,5.08,0.1155,0.0,4585,UNDER_FORTY,0
70443,6000.0,RENT,40000.0,24.09,0.1522,1.0,7325,UNDER_FORTY,1
70444,8000.0,MORTGAGE,70000.0,15.82,0.0662,0.0,8571,OVER_FORTY,0
70445,18650.0,MORTGAGE,52000.0,19.64,0.0971,0.0,9213,OVER_FORTY,0
70446,24000.0,MORTGAGE,148000.0,10.82,0.0762,0.0,8571,OVER_FORTY,0
70447,35000.0,MORTGAGE,115000.0,18.54,0.1678,0.0,12742,OVER_FORTY,0
70448,10400.0,RENT,70000.0,14.06,0.1155,0.0,6990,UNDER_FORTY,0
70449,16800.0,MORTGAGE,55000.0,20.12,0.1305,0.0,8147,OVER_FORTY,0
70450,16000.0,MORTGAGE,90000.0,10.83,0.079,0.0,7538,UNDER_FORTY,0
70451,33950.0,MORTGAGE,79800.0,28.95,0.1885,0.0,4707,UNDER_FORTY,1
70452,9600.0,MORTGAGE,95000.0,9.88,0.1235,0.0,7507,OVER_FORTY,0
70453,2500.0,RENT,40000.0,21.57,0.2031,0.0,5833,UNDER_FORTY,0
70455,16000.0,MORTGAGE,110000.0,10.04,0.0971,0.0,10855,UNDER_FORTY,0
70456,17000.0,MORTGAGE,75000.0,12.77,0.0971,0.0,8724,UNDER_FORTY,0
70457,7700.0,MORTGAGE,40295.0,28.14,0.1368,0.0,6898,OVER_FORTY,1
70459,8000.0,RENT,33624.0,26.8,0.1235,0.0,10521,UNDER_FORTY,0
70461,6000.0,OWN,25000.0,26.45,0.1235,0.0,5499,OVER_FORTY,0
70462,8000.0,MORTGAGE,114000.0,17.78,0.1064,0.0,9302,UNDER_FORTY,1
70464,12000.0,RENT,60000.0,20.1,0.1588,0.0,7202,OVER_FORTY,0
70465,5000.0,RENT,35000.0,20.5,0.1678,0.0,6472,UNDER_FORTY,0
70467,10000.0,MORTGAGE,60000.0,19.2,0.1064,0.0,9121,UNDER_FORTY,0
70468,15000.0,MORTGAGE,60000.0,24.0,0.1825,4.0,7110,UNDER_FORTY,0
70470,25875.0,MORTGAGE,84000.0,26.9,0.1235,0.0,8298,UNDER_FORTY,1
70471,8000.0,MORTGAGE,67238.0,24.85,0.0603,0.0,9121,UNDER_FORTY,0
70472,3300.0,RENT,23000.0,5.01,0.1433,0.0,5529,OVER_FORTY,0
70474,5700.0,RENT,36000.0,28.08,0.079,0.0,8178,UNDER_FORTY,0
70475,22325.0,RENT,50000.0,3.17,0.1368,1.0,11404,UNDER_FORTY,0
70476,25000.0,MORTGAGE,75000.0,28.12,0.1064,0.0,8237,OVER_FORTY,0
70477,18250.0,RENT,42000.0,16.77,0.17559999999999998,0.0,5346,UNDER_FORTY,0
70478,35000.0,MORTGAGE,115000.0,13.96,0.1064,0.0,14904,UNDER_FORTY,0
70479,8000.0,RENT,38000.0,11.05,0.1235,0.0,11830,UNDER_FORTY,0
70480,8000.0,RENT,47000.0,12.87,0.1678,0.0,4891,UNDER_FORTY,0
70481,19000.0,MORTGAGE,87000.0,22.9,0.0662,0.0,6776,UNDER_FORTY,0
70482,18650.0,RENT,250000.0,12.73,0.0971,0.0,10247,UNDER_FORTY,0
70483,11000.0,RENT,33000.0,9.89,0.1825,0.0,5407,UNDER_FORTY,0
70485,10625.0,RENT,32000.0,22.65,0.1235,0.0,7386,OVER_FORTY,0
70486,6000.0,MORTGAGE,65000.0,17.56,0.0662,0.0,5925,UNDER_FORTY,0
70487,35000.0,RENT,127068.0,27.59,0.1522,0.0,9851,OVER_FORTY,0
70488,7500.0,RENT,76000.0,16.26,0.1522,0.0,8999,OVER_FORTY,0
70489,5000.0,RENT,50000.0,5.28,0.2031,0.0,16121,UNDER_FORTY,1
70490,11500.0,RENT,42940.0,13.78,0.0971,0.0,8298,OVER_FORTY,0
70491,35000.0,OWN,97936.0,13.74,0.1825,0.0,7051,UNDER_FORTY,0
70495,4000.0,MORTGAGE,32205.0,16.36,0.1885,0.0,7202,OVER_FORTY,0
70496,14000.0,MORTGAGE,87700.0,18.24,0.0971,0.0,11220,OVER_FORTY,0
70498,7800.0,MORTGAGE,43200.0,19.61,0.17559999999999998,0.0,7476,OVER_FORTY,1
70499,11000.0,MORTGAGE,42000.0,8.91,0.08900000000000001,0.0,15938,UNDER_FORTY,1
70500,10950.0,MORTGAGE,42000.0,26.72,0.1588,0.0,6015,UNDER_FORTY,0
70503,6400.0,MORTGAGE,39000.0,22.98,0.1155,0.0,8694,UNDER_FORTY,0
70504,6500.0,RENT,35000.0,30.79,0.1305,0.0,6472,UNDER_FORTY,0
70505,20000.0,RENT,70000.0,15.46,0.0762,0.0,4707,UNDER_FORTY,0
70508,4750.0,MORTGAGE,30000.0,1.0,0.1588,0.0,4891,UNDER_FORTY,0
70512,16000.0,MORTGAGE,65000.0,14.75,0.1064,0.0,7994,UNDER_FORTY,0
70513,7000.0,RENT,32000.0,17.33,0.1305,0.0,4950,UNDER_FORTY,1
70514,5375.0,MORTGAGE,45156.0,24.42,0.1064,0.0,7841,UNDER_FORTY,0
70515,15000.0,MORTGAGE,94000.0,23.4,0.1952,0.0,6960,UNDER_FORTY,0
70516,6000.0,RENT,54080.0,10.38,0.1885,0.0,7355,UNDER_FORTY,0
70517,2625.0,RENT,41000.0,21.48,0.1952,0.0,6960,OVER_FORTY,1
70518,13400.0,RENT,72000.0,6.13,0.1885,0.0,7233,UNDER_FORTY,0
70521,18000.0,MORTGAGE,72000.0,8.8,0.1064,0.0,6686,UNDER_FORTY,0
70522,7000.0,MORTGAGE,115000.0,13.85,0.1064,0.0,7629,OVER_FORTY,0
70523,4000.0,OWN,40000.0,14.82,0.1235,0.0,6015,UNDER_FORTY,0
70524,25375.0,RENT,142197.0,3.35,0.1588,0.0,9121,OVER_FORTY,0
70525,12000.0,OWN,65000.0,5.5,0.1155,0.0,7202,OVER_FORTY,0
70526,20000.0,OWN,47000.0,12.54,0.1235,0.0,9517,OVER_FORTY,0
70527,11000.0,RENT,50000.0,6.67,0.1522,0.0,8086,UNDER_FORTY,0
70528,20000.0,RENT,132000.0,6.23,0.1235,0.0,13473,OVER_FORTY,0
70529,6900.0,RENT,37000.0,18.75,0.2031,0.0,7933,UNDER_FORTY,0
70530,10500.0,MORTGAGE,63000.0,29.56,0.1433,0.0,9882,OVER_FORTY,0
70531,8500.0,MORTGAGE,50000.0,15.0,0.0971,0.0,7416,OVER_FORTY,0
70532,9500.0,RENT,33000.0,21.6,0.1678,0.0,4769,UNDER_FORTY,0
70533,11575.0,MORTGAGE,96000.0,6.49,0.1588,1.0,6077,OVER_FORTY,0
70534,12000.0,MORTGAGE,77786.0,9.77,0.0971,0.0,6595,UNDER_FORTY,0
70535,18000.0,MORTGAGE,96000.0,14.3,0.0971,0.0,9213,UNDER_FORTY,0
70536,3000.0,MORTGAGE,37000.0,9.05,0.2031,0.0,5256,UNDER_FORTY,0
70538,25000.0,MORTGAGE,82000.0,14.37,0.079,0.0,13504,UNDER_FORTY,0
70539,24000.0,MORTGAGE,88000.0,15.31,0.1678,0.0,10582,UNDER_FORTY,0
70540,20000.0,MORTGAGE,75000.0,27.02,0.2031,0.0,7021,OVER_FORTY,0
70541,24000.0,MORTGAGE,60000.0,13.96,0.1235,0.0,7752,UNDER_FORTY,1
70542,6400.0,RENT,60000.0,9.3,0.1305,0.0,7538,UNDER_FORTY,0
70544,10000.0,RENT,51000.0,31.32,0.1678,0.0,18344,OVER_FORTY,0
70545,8400.0,RENT,24188.0,24.51,0.0971,0.0,5894,UNDER_FORTY,0
70546,16800.0,RENT,62500.0,17.86,0.0971,0.0,9973,OVER_FORTY,0
70547,6000.0,MORTGAGE,64000.0,4.63,0.17559999999999998,0.0,7994,OVER_FORTY,1
70548,15500.0,MORTGAGE,80000.0,29.06,0.0662,0.0,7599,UNDER_FORTY,0
70549,20000.0,MORTGAGE,85000.0,20.47,0.1235,0.0,9759,UNDER_FORTY,0
70551,16000.0,MORTGAGE,60000.0,20.8,0.08900000000000001,0.0,10674,UNDER_FORTY,0
70552,12500.0,MORTGAGE,52000.0,11.45,0.1155,0.0,6717,UNDER_FORTY,0
70554,12375.0,RENT,35500.0,11.86,0.1155,0.0,17248,UNDER_FORTY,0
70556,12000.0,RENT,60000.0,16.76,0.1522,0.0,5529,UNDER_FORTY,0
70557,22250.0,MORTGAGE,50000.0,27.22,0.1064,0.0,8298,UNDER_FORTY,1
70558,9600.0,RENT,63000.0,29.28,0.1522,0.0,5741,UNDER_FORTY,0
70559,18550.0,MORTGAGE,104500.0,7.57,0.1305,0.0,7964,UNDER_FORTY,0
70561,3000.0,RENT,106000.0,23.33,0.245,0.0,8999,UNDER_FORTY,0
70562,8400.0,MORTGAGE,130000.0,12.16,0.1235,0.0,15422,UNDER_FORTY,0
70564,7750.0,MORTGAGE,39707.0,31.25,0.1368,0.0,6077,UNDER_FORTY,0
70565,17325.0,RENT,62000.0,9.54,0.0971,0.0,6503,UNDER_FORTY,0
70566,4375.0,RENT,16000.0,25.88,0.1588,0.0,5680,UNDER_FORTY,0
70568,9600.0,MORTGAGE,56000.0,7.69,0.079,0.0,6656,UNDER_FORTY,0
70569,10300.0,RENT,45000.0,13.84,0.1305,0.0,4860,UNDER_FORTY,0
70570,16000.0,RENT,80200.0,11.69,0.1155,0.0,8237,UNDER_FORTY,0
70572,10000.0,MORTGAGE,40000.0,11.73,0.1305,0.0,7476,UNDER_FORTY,1
70575,10000.0,RENT,40000.0,20.73,0.1825,0.0,5103,UNDER_FORTY,0
70576,18000.0,MORTGAGE,95000.0,14.01,0.1305,0.0,8694,OVER_FORTY,0
70577,14000.0,RENT,93000.0,13.1,0.1368,0.0,8602,UNDER_FORTY,0
70579,8250.0,OWN,32000.0,27.11,0.1588,0.0,3946,UNDER_FORTY,1
70580,6000.0,RENT,80000.0,7.68,0.1885,0.0,10490,UNDER_FORTY,0
70581,10500.0,MORTGAGE,109320.0,11.68,0.1235,0.0,7568,OVER_FORTY,0
70582,15000.0,MORTGAGE,90000.0,16.42,0.0971,0.0,5741,UNDER_FORTY,0
70583,13000.0,OWN,58000.0,25.55,0.0971,0.0,6929,UNDER_FORTY,0
70584,15000.0,MORTGAGE,200000.0,5.25,0.1235,0.0,4738,UNDER_FORTY,0
70587,15000.0,MORTGAGE,82000.0,21.67,0.0971,0.0,10551,OVER_FORTY,0
70589,3000.0,RENT,59000.0,16.72,0.1885,0.0,9851,UNDER_FORTY,0
70590,20000.0,MORTGAGE,76500.0,25.28,0.08900000000000001,0.0,13291,OVER_FORTY,0
70591,8400.0,MORTGAGE,90000.0,15.44,0.1064,0.0,5164,UNDER_FORTY,0
70592,7700.0,RENT,55000.0,26.36,0.1064,0.0,13291,UNDER_FORTY,0
70593,15000.0,RENT,74000.0,31.6,0.1305,0.0,8908,OVER_FORTY,0
70594,12800.0,MORTGAGE,82162.0,24.11,0.1235,0.0,12408,OVER_FORTY,0
70596,14500.0,MORTGAGE,50000.0,3.8,0.0662,0.0,9274,UNDER_FORTY,0
70599,10375.0,MORTGAGE,31220.0,25.41,0.1235,0.0,9274,OVER_FORTY,0
70600,15000.0,MORTGAGE,55000.0,15.1,0.1064,0.0,8937,UNDER_FORTY,1
70601,7550.0,RENT,47500.0,13.52,0.1678,0.0,10763,UNDER_FORTY,0
70603,15000.0,MORTGAGE,99900.0,18.27,0.0662,0.0,6807,UNDER_FORTY,0
70604,6000.0,MORTGAGE,55000.0,8.12,0.1885,0.0,5741,UNDER_FORTY,0
70605,4950.0,OWN,22000.0,21.76,0.1064,0.0,7752,OVER_FORTY,0
70606,6250.0,RENT,23000.0,16.43,0.1235,0.0,4188,UNDER_FORTY,0
70607,18000.0,MORTGAGE,40000.0,29.37,0.08900000000000001,0.0,13016,UNDER_FORTY,0
70608,15000.0,RENT,94000.0,15.51,0.1155,0.0,6503,UNDER_FORTY,0
70609,7200.0,RENT,35000.0,11.9,0.1064,0.0,4038,UNDER_FORTY,0
70610,15000.0,RENT,55000.0,29.98,0.1588,0.0,7964,UNDER_FORTY,0
70611,24000.0,MORTGAGE,145000.0,7.54,0.0662,0.0,9517,UNDER_FORTY,0
70612,22000.0,OWN,56000.0,22.18,0.1368,0.0,10063,OVER_FORTY,0
70613,10000.0,MORTGAGE,45000.0,14.7,0.1952,0.0,6168,OVER_FORTY,0
70614,14400.0,MORTGAGE,40000.0,21.6,0.0971,0.0,12043,UNDER_FORTY,0
70615,4550.0,RENT,51600.0,15.58,0.1305,0.0,5649,UNDER_FORTY,0
70616,20000.0,MORTGAGE,56000.0,26.4,0.0662,0.0,5802,UNDER_FORTY,0
70617,15000.0,MORTGAGE,58000.0,22.16,0.1155,0.0,7752,OVER_FORTY,1
70619,33000.0,OWN,275000.0,6.39,0.1825,0.0,6656,UNDER_FORTY,0
70620,16100.0,MORTGAGE,45000.0,16.14,0.1825,0.0,8298,UNDER_FORTY,0
70621,13000.0,MORTGAGE,52000.0,12.12,0.1885,0.0,4129,UNDER_FORTY,1
70622,9500.0,RENT,105000.0,16.18,0.1885,0.0,5164,UNDER_FORTY,0
70623,30000.0,MORTGAGE,150000.0,10.5,0.2115,0.0,7447,UNDER_FORTY,1
70625,10050.0,OWN,32000.0,20.14,0.1305,0.0,9455,UNDER_FORTY,0
70627,3000.0,MORTGAGE,30000.0,22.54,0.1678,0.0,8786,UNDER_FORTY,0
70630,6400.0,MORTGAGE,36000.0,14.1,0.0971,0.0,5195,UNDER_FORTY,0
70633,11000.0,MORTGAGE,80000.0,7.41,0.0662,0.0,6321,OVER_FORTY,0
70635,6000.0,MORTGAGE,45000.0,27.55,0.1433,0.0,9517,UNDER_FORTY,0
70636,1500.0,OWN,43000.0,12.7,0.1368,0.0,5468,UNDER_FORTY,0
70637,6075.0,RENT,30000.0,18.32,0.1588,0.0,4585,UNDER_FORTY,0
70638,8000.0,OWN,34000.0,24.85,0.1678,0.0,7355,UNDER_FORTY,1
70639,19500.0,RENT,59400.0,17.62,0.1825,0.0,10916,UNDER_FORTY,0
70640,11325.0,OWN,34000.0,22.06,0.1064,0.0,7141,OVER_FORTY,0
70641,7800.0,RENT,28500.0,23.83,0.1433,0.0,6352,OVER_FORTY,0
70645,16500.0,MORTGAGE,57600.0,22.13,0.1588,0.0,4677,UNDER_FORTY,0
70646,19350.0,RENT,45000.0,27.87,0.17559999999999998,0.0,10124,UNDER_FORTY,0
70648,10000.0,MORTGAGE,60000.0,5.65,0.1235,0.0,12135,OVER_FORTY,1
70649,6400.0,RENT,60000.0,17.44,0.1235,0.0,12865,UNDER_FORTY,0
70651,10000.0,MORTGAGE,98000.0,6.58,0.0971,0.0,5986,UNDER_FORTY,0
70652,5000.0,RENT,37000.0,2.56,0.1433,0.0,7507,UNDER_FORTY,0
70653,10500.0,RENT,50000.0,23.42,0.1952,0.0,4981,UNDER_FORTY,0
70654,10000.0,OWN,58000.0,12.41,0.1064,0.0,8724,OVER_FORTY,0
70655,20000.0,RENT,65000.0,13.06,0.1155,0.0,6564,OVER_FORTY,0
70657,4800.0,RENT,50000.0,4.27,0.1678,0.0,9121,UNDER_FORTY,0
70659,15350.0,MORTGAGE,76003.2,20.21,0.2115,0.0,4280,UNDER_FORTY,0
70660,5000.0,RENT,65000.0,12.33,0.1885,0.0,9790,UNDER_FORTY,0
70661,11700.0,RENT,35000.0,27.15,0.1235,0.0,5925,UNDER_FORTY,0
70662,4000.0,RENT,36897.0,16.1,0.227,0.0,7172,UNDER_FORTY,0
70665,9600.0,MORTGAGE,58000.0,27.58,0.1155,0.0,4769,UNDER_FORTY,0
70667,15000.0,RENT,54000.0,20.38,0.1522,0.0,6168,UNDER_FORTY,0
70668,2400.0,RENT,32000.0,12.49,0.1235,0.0,4738,OVER_FORTY,1
70669,10000.0,MORTGAGE,50000.0,14.62,0.1064,0.0,7964,UNDER_FORTY,0
70671,9975.0,MORTGAGE,77032.0,11.0,0.079,0.0,11343,OVER_FORTY,0
70673,21000.0,MORTGAGE,93000.0,26.88,0.0662,0.0,6442,UNDER_FORTY,0
70674,5000.0,RENT,60000.0,19.64,0.1588,0.0,5284,UNDER_FORTY,0
70675,28000.0,MORTGAGE,120000.0,26.57,0.0971,0.0,11281,UNDER_FORTY,0
70676,20000.0,RENT,65000.0,6.46,0.1678,0.0,7507,UNDER_FORTY,0
70677,5800.0,MORTGAGE,68981.41,16.77,0.17559999999999998,0.0,6107,OVER_FORTY,0
70678,10000.0,OWN,43000.0,29.64,0.1885,0.0,6472,UNDER_FORTY,1
70679,15000.0,RENT,250000.0,14.0,0.1305,0.0,9943,UNDER_FORTY,0
70682,15000.0,MORTGAGE,43200.0,15.97,0.0971,0.0,7294,UNDER_FORTY,0
70683,5800.0,RENT,41500.0,22.55,0.17559999999999998,0.0,5042,UNDER_FORTY,0
70685,8850.0,MORTGAGE,50000.0,27.36,0.1064,0.0,9302,UNDER_FORTY,0
70686,17000.0,OWN,45000.0,18.05,0.1825,0.0,6898,UNDER_FORTY,1
70687,12000.0,MORTGAGE,40000.0,25.22,0.0971,0.0,7233,UNDER_FORTY,0
70691,8000.0,MORTGAGE,38000.0,15.51,0.1235,0.0,4585,UNDER_FORTY,0
70692,10000.0,MORTGAGE,47000.0,19.58,0.1235,0.0,11708,OVER_FORTY,0
70693,8400.0,RENT,43000.0,15.46,0.0971,0.0,6199,UNDER_FORTY,0
70695,8500.0,RENT,30000.0,13.52,0.1825,0.0,4830,UNDER_FORTY,1
70696,3000.0,RENT,55000.0,12.28,0.17559999999999998,0.0,7141,OVER_FORTY,0
70699,5000.0,MORTGAGE,130000.0,9.21,0.2115,1.0,7660,UNDER_FORTY,0
70700,6000.0,MORTGAGE,61000.0,9.95,0.17559999999999998,0.0,6960,UNDER_FORTY,0
70701,12000.0,MORTGAGE,100000.0,4.9,0.0971,0.0,9302,UNDER_FORTY,0
70704,15000.0,MORTGAGE,86500.0,29.55,0.1064,0.0,10004,OVER_FORTY,0
70707,21000.0,MORTGAGE,140000.0,26.31,0.08900000000000001,0.0,9425,UNDER_FORTY,0
70708,21100.0,RENT,60000.0,8.74,0.1235,0.0,6291,UNDER_FORTY,0
70709,25000.0,MORTGAGE,77000.0,9.83,0.1235,0.0,8633,OVER_FORTY,0
70711,4325.0,RENT,50000.0,25.68,0.1678,0.0,8694,OVER_FORTY,0
70712,8000.0,RENT,120000.0,14.84,0.1305,0.0,14295,UNDER_FORTY,0
70713,6975.0,OWN,60000.0,13.9,0.1588,0.0,4707,UNDER_FORTY,0
70714,14000.0,RENT,62000.0,13.84,0.1235,0.0,4950,UNDER_FORTY,0
70715,3000.0,RENT,25000.0,34.03,0.1885,0.0,8543,UNDER_FORTY,0
70716,10050.0,RENT,52000.0,2.31,0.1155,0.0,8847,UNDER_FORTY,0
70718,9500.0,MORTGAGE,75000.0,1.87,0.1825,0.0,6168,UNDER_FORTY,0
70720,12000.0,RENT,45000.0,11.84,0.1678,0.0,6503,UNDER_FORTY,0
70721,15075.0,OWN,36000.0,18.4,0.2031,0.0,6564,UNDER_FORTY,0
70722,34475.0,RENT,76619.26,22.96,0.1588,0.0,7782,OVER_FORTY,0
70723,8000.0,MORTGAGE,70000.0,13.45,0.1155,0.0,7416,UNDER_FORTY,0
70724,12000.0,MORTGAGE,180000.0,5.76,0.0971,0.0,9364,UNDER_FORTY,1
70725,6650.0,MORTGAGE,26000.0,17.54,0.1235,0.0,7721,OVER_FORTY,1
70726,14500.0,RENT,45000.0,19.86,0.079,0.0,13535,UNDER_FORTY,0
70727,10000.0,RENT,36000.0,30.9,0.1588,0.0,8237,OVER_FORTY,0
70728,7000.0,MORTGAGE,32000.0,16.43,0.17559999999999998,0.0,6138,UNDER_FORTY,0
70729,11450.0,MORTGAGE,33000.0,25.02,0.2031,0.0,12286,UNDER_FORTY,1
70730,15250.0,MORTGAGE,68000.0,25.24,0.1064,0.0,11524,OVER_FORTY,0
70731,2000.0,MORTGAGE,65500.0,31.27,0.222,0.0,13230,OVER_FORTY,0
70732,10625.0,RENT,37000.0,23.45,0.1522,0.0,4341,OVER_FORTY,0
70733,5825.0,RENT,35000.0,6.41,0.1064,0.0,7599,UNDER_FORTY,0
70734,16800.0,MORTGAGE,40000.0,18.38,0.0603,0.0,7110,OVER_FORTY,0
70735,15000.0,RENT,91520.0,13.78,0.1952,0.0,6503,UNDER_FORTY,0
70739,17050.0,MORTGAGE,38000.0,9.38,0.1825,0.0,7202,UNDER_FORTY,0
70740,13250.0,MORTGAGE,40000.0,15.69,0.1433,0.0,8543,UNDER_FORTY,0
70741,30000.0,MORTGAGE,93000.0,23.81,0.1368,0.0,8512,UNDER_FORTY,0
70742,8975.0,MORTGAGE,75000.0,33.6,0.1155,0.0,8968,UNDER_FORTY,0
70743,16800.0,MORTGAGE,53000.0,22.87,0.1522,0.0,8663,UNDER_FORTY,0
70744,5000.0,RENT,24000.0,13.29,0.1155,0.0,6503,UNDER_FORTY,0
70745,7375.0,MORTGAGE,122000.0,8.14,0.08900000000000001,0.0,13565,OVER_FORTY,0
70746,10800.0,RENT,46800.0,5.79,0.1522,0.0,7294,UNDER_FORTY,0
70747,8575.0,OWN,37000.0,11.97,0.1235,0.0,5772,UNDER_FORTY,0
70749,28000.0,OWN,175000.0,15.94,0.0762,0.0,10735,OVER_FORTY,0
70750,12000.0,RENT,80000.0,9.38,0.1825,0.0,6776,UNDER_FORTY,1
70751,12000.0,RENT,74000.0,17.71,0.1155,0.0,7082,UNDER_FORTY,0
70753,6650.0,MORTGAGE,25932.91,18.65,0.17559999999999998,0.0,14203,UNDER_FORTY,0
70754,5275.0,MORTGAGE,60000.0,18.24,0.1368,0.0,7021,UNDER_FORTY,0
70756,30000.0,MORTGAGE,109000.0,18.43,0.1368,0.0,6321,UNDER_FORTY,0
70757,8000.0,OWN,63000.0,19.64,0.1368,0.0,7872,OVER_FORTY,0
70759,5000.0,RENT,39000.0,3.88,0.1433,0.0,4981,UNDER_FORTY,0
70760,2000.0,OWN,46944.0,16.51,0.1885,0.0,7538,UNDER_FORTY,1
70761,12000.0,MORTGAGE,60000.0,8.9,0.1064,0.0,7172,OVER_FORTY,0
70767,21625.0,RENT,49000.0,32.28,0.1305,0.0,14050,UNDER_FORTY,0
70768,20000.0,MORTGAGE,86000.0,6.43,0.1235,0.0,7629,UNDER_FORTY,0
70772,8000.0,MORTGAGE,70000.0,18.65,0.0662,0.0,9182,OVER_FORTY,0
70774,14400.0,RENT,37620.0,26.35,0.1235,0.0,4738,OVER_FORTY,0
70775,16000.0,MORTGAGE,145000.0,7.31,0.0971,0.0,7933,UNDER_FORTY,0
70777,11000.0,RENT,41000.0,8.08,0.1522,0.0,8298,UNDER_FORTY,0
70778,3000.0,RENT,30000.0,18.32,0.208,0.0,7141,UNDER_FORTY,1
70779,22000.0,OWN,50000.0,19.1,0.1064,0.0,8298,UNDER_FORTY,0
70781,16000.0,RENT,75000.0,11.23,0.1064,0.0,7568,UNDER_FORTY,0
70782,15875.0,RENT,65000.0,18.44,0.1064,0.0,6291,UNDER_FORTY,0
70784,13200.0,RENT,50000.0,20.02,0.1588,0.0,7933,UNDER_FORTY,0
70785,18450.0,RENT,42000.0,29.97,0.0971,0.0,7416,UNDER_FORTY,0
70786,21000.0,MORTGAGE,113000.0,11.26,0.079,0.0,11677,OVER_FORTY,0
70789,5775.0,MORTGAGE,21000.0,21.77,0.0971,0.0,6503,UNDER_FORTY,0
70791,15000.0,MORTGAGE,102000.0,24.99,0.1368,0.0,8543,UNDER_FORTY,0
70792,16000.0,MORTGAGE,57800.0,12.08,0.0662,0.0,10429,OVER_FORTY,0
70793,7000.0,MORTGAGE,60000.0,15.72,0.08900000000000001,0.0,7202,OVER_FORTY,0
70795,25000.0,MORTGAGE,65000.0,13.0,0.1522,0.0,7629,UNDER_FORTY,0
