id,loan_amnt,home_ownership,annual_inc,dti,int_rate,tax_liens,loan_status,age,credit_age
78450,7350,RENT,44000,19.77,0.1305,0,0,UNDER_FORTY,7475
106339,18225,MORTGAGE,42000,17.94,0.1777,0,1,UNDER_FORTY,5315
106866,15500,RENT,80000,14.76,0.0603,0,0,UNDER_FORTY,5830
107802,12000,RENT,53000,13.9,0.1531,0,0,OVER_FORTY,12770
77041,12000,MORTGAGE,80000,18.92,0.1756,0,0,OVER_FORTY,10124
77260,18000,RENT,53000,12.66,0.1064,0,1,UNDER_FORTY,14902
81759,4000,MORTGAGE,105000,27.54,0.1849,0,0,OVER_FORTY,9910
104305,4000,RENT,25000,20.11,0.2049,0,0,UNDER_FORTY,8053
76263,15050,MORTGAGE,42000,19.09,0.1235,0,0,OVER_FORTY,9848
85419,13000,RENT,72000,15.97,0.1311,0,0,UNDER_FORTY,6227
89778,8000,RENT,74000,14.29,0.1016,0,0,OVER_FORTY,10244
81896,15000,RENT,78000,22.22,0.1212,0,0,UNDER_FORTY,9910
107731,11875,RENT,35000,17.59,0.1409,0,0,UNDER_FORTY,5922
77770,12000,OWN,65000,16.71,0.1155,0,1,UNDER_FORTY,6926
96830,3500,RENT,114000,29.69,0.21,0,0,UNDER_FORTY,7902
105983,6250,MORTGAGE,30402,3.2,0.1531,0,0,UNDER_FORTY,9545
111951,18000,MORTGAGE,60000,14.84,0.1114,0,0,UNDER_FORTY,4919
95035,4000,OWN,50000,18.82,0.1433,0,0,OVER_FORTY,8084
93060,11000,RENT,40000,25.2,0.1849,0,0,UNDER_FORTY,7749
87355,1800,MORTGAGE,70000,14.79,0.1727,0,0,UNDER_FORTY,11674
107191,14000,RENT,43000,34.49,0.1311,0,0,UNDER_FORTY,6745
85579,11100,RENT,33000,22.95,0.1727,0,1,UNDER_FORTY,7232
97373,7000,MORTGAGE,75192,19.79,0.1409,0,0,UNDER_FORTY,8022
96690,15000,RENT,54000,21.13,0.1016,0,1,UNDER_FORTY,9848
95701,4200,RENT,33000,11.6,0.1849,0,0,UNDER_FORTY,4400
78638,1400,MORTGAGE,37000,13.26,0.1433,0,0,OVER_FORTY,10671
70072,9000,RENT,31000,14.21,0.1368,0,0,OVER_FORTY,8145
70964,10000,RENT,80000,4.56,0.1952,0,1,OVER_FORTY,9241
74655,9000,RENT,175000,6.73,0.0971,0,0,UNDER_FORTY,10185
94306,18000,MORTGAGE,85000,14.44,0.1212,0,0,OVER_FORTY,7506
73926,4850,RENT,18000,12.47,0.1522,0,0,UNDER_FORTY,4522
110097,14000,RENT,40000,18.87,0.1114,0,0,UNDER_FORTY,6411
91927,10500,RENT,52000,19.66,0.2247,0,0,UNDER_FORTY,8298
90994,23850,RENT,55800,24.41,0.1972,0,0,UNDER_FORTY,5710
88667,18000,MORTGAGE,113000,10.73,0.0762,0,0,OVER_FORTY,8936
97006,8400,RENT,99600,10.93,0.089,0,0,UNDER_FORTY,7291
93513,10000,OWN,70000,31.68,0.0762,0,0,UNDER_FORTY,11889
107223,7000,RENT,38000,24,0.158,0,0,UNDER_FORTY,6349
88863,4500,RENT,52000,10.55,0.1212,0,0,UNDER_FORTY,6014
89016,18000,OWN,42000,25.37,0.1409,0,1,UNDER_FORTY,7902
95059,20000,RENT,57000,30.67,0.1777,0,0,UNDER_FORTY,5192
99272,2000,RENT,35000,31.68,0.1905,0,0,UNDER_FORTY,8449
79638,8500,MORTGAGE,125000,5.09,0.1522,0,0,OVER_FORTY,13624
70959,22400,MORTGAGE,141000,8.34,0.089,0,0,OVER_FORTY,9180
93646,7200,RENT,38000,11.46,0.1114,0,0,UNDER_FORTY,7657
90278,12000,RENT,59000,10.72,0.1212,0,0,OVER_FORTY,7202
80186,6000,RENT,38000,11.68,0.1305,0,1,UNDER_FORTY,9667
89163,11250,RENT,52000,10.43,0.1212,0,0,UNDER_FORTY,8084
81487,7000,RENT,45000,12.59,0.1531,0,0,OVER_FORTY,8359
95920,35000,MORTGAGE,137000,17.24,0.1905,0,1,OVER_FORTY,6411
84877,7200,OWN,38000,10.04,0.1212,0,0,UNDER_FORTY,12377
104895,6000,RENT,79000,20.38,0.1727,0,0,UNDER_FORTY,8693
74613,6000,MORTGAGE,56700,13.62,0.0662,0,0,OVER_FORTY,7810
70879,3000,RENT,45000,17.65,0.1155,0,1,UNDER_FORTY,7628
106140,10925,RENT,61200,21.04,0.1409,0,1,UNDER_FORTY,7780
86110,11500,RENT,40000,23.01,0.1727,0,0,UNDER_FORTY,7291
83777,6000,OWN,27000,13.16,0.1016,0,0,OVER_FORTY,9820
77640,20000,MORTGAGE,48000,14.23,0.0762,0,0,OVER_FORTY,11036
107844,12700,RENT,40000,21.54,0.158,0,0,UNDER_FORTY,5465
98801,6000,RENT,54000,24.47,0.1114,0,1,UNDER_FORTY,7171
87317,4800,MORTGAGE,48000,22.4,0.1531,0,0,OVER_FORTY,8967
99333,3600,OWN,12144,22.43,0.1433,0,0,UNDER_FORTY,12497
92604,15000,RENT,62400,25.88,0.0762,0,0,UNDER_FORTY,10185
77087,4200,MORTGAGE,45900,13.25,0.1235,0,0,UNDER_FORTY,6684
107501,24000,OWN,105000,18.88,0.089,0,0,UNDER_FORTY,9759
84484,5500,RENT,35000,9.5,0.1433,0,0,UNDER_FORTY,7171
68474,35000,RENT,170000,9.47,0.1235,0,0,UNDER_FORTY,11097
79313,14000,RENT,188000,9.6,0.0662,0,0,UNDER_FORTY,13319
93827,7500,MORTGAGE,113000,13.42,0.1311,0,0,UNDER_FORTY,7780
85669,6200,RENT,62500,12.94,0.0603,0,0,UNDER_FORTY,13135
70952,35000,MORTGAGE,99000,25.04,0.208,0,0,OVER_FORTY,7383
102951,6000,MORTGAGE,36000,10.63,0.0662,0,0,UNDER_FORTY,9606
78483,4800,RENT,38000,21.57,0.1522,1,1,UNDER_FORTY,8359
87369,15000,MORTGAGE,102000,18.58,0.089,0,0,UNDER_FORTY,7506
112380,3750,RENT,75000,13.34,0.1311,0,0,UNDER_FORTY,5011
101892,12000,RENT,70000,15.18,0.158,0,0,UNDER_FORTY,13897
74102,13000,OWN,39000,23.45,0.1756,0,0,UNDER_FORTY,14933
86337,20000,MORTGAGE,63000,3.39,0.0762,0,0,UNDER_FORTY,6014
76639,6000,MORTGAGE,90000,13.43,0.089,0,0,UNDER_FORTY,8632
87075,8000,RENT,60000,21.06,0.1212,0,0,UNDER_FORTY,5588
72171,10000,RENT,45000,16.72,0.1155,0,1,UNDER_FORTY,6623
75585,10000,RENT,43000,26.18,0.1305,0,1,UNDER_FORTY,6167
110718,21000,MORTGAGE,150000,12.94,0.089,0,0,UNDER_FORTY,10916
70542,6400,RENT,60000,9.3,0.1305,0,0,UNDER_FORTY,7719
82592,15000,MORTGAGE,68000,14.91,0.1016,0,0,UNDER_FORTY,8905
79413,9125,RENT,26675,29.58,0.1155,0,0,UNDER_FORTY,4766
89937,10000,RENT,70000,12.14,0.1016,0,0,UNDER_FORTY,7567
97088,8325,RENT,37000,8.53,0.1531,0,0,OVER_FORTY,8328
77109,18000,MORTGAGE,124523,13.64,0.1064,0,0,OVER_FORTY,8967
69305,20000,MORTGAGE,95000,7.12,0.1433,0,0,UNDER_FORTY,9728
110367,4800,MORTGAGE,79000,11.89,0.1777,0,0,OVER_FORTY,7232
76785,5425,RENT,20800,11.31,0.1368,0,1,UNDER_FORTY,7749
83265,12000,MORTGAGE,83000,26.4,0.1311,0,0,OVER_FORTY,7749
90938,20000,MORTGAGE,90000,16.37,0.079,0,0,OVER_FORTY,8175
84953,8000,MORTGAGE,93000,24.58,0.1311,0,0,OVER_FORTY,10001
87328,11500,RENT,36000,21.1,0.1875,0,1,UNDER_FORTY,5649
98860,5000,RENT,55000,29.52,0.21,0,0,UNDER_FORTY,6957
87436,22250,OWN,50000,9.09,0.1114,0,0,OVER_FORTY,13838
96130,12000,MORTGAGE,49500,4.17,0.1311,0,0,OVER_FORTY,6988
108849,1550,MORTGAGE,30000,23.59,0.1016,0,0,UNDER_FORTY,7414
71579,10000,MORTGAGE,42000,24.94,0.1064,0,0,OVER_FORTY,8328
79859,15000,OWN,55000,16.34,0.1305,0,0,UNDER_FORTY,9180
72328,12175,MORTGAGE,52000,15.05,0.0662,0,0,UNDER_FORTY,6196
75204,6000,RENT,35000,26.95,0.1678,0,0,UNDER_FORTY,9089
97474,10000,MORTGAGE,56000,22.91,0.1311,0,0,UNDER_FORTY,9910
101995,5475,MORTGAGE,40000,34.11,0.1433,0,0,OVER_FORTY,7933
95111,12000,MORTGAGE,50000,23.88,0.1727,0,0,UNDER_FORTY,5922
99261,15000,MORTGAGE,72000,27.5,0.1531,0,0,OVER_FORTY,12071
101541,12000,RENT,75000,11.97,0.1629,0,0,UNDER_FORTY,7567
96762,15000,RENT,50000,17.78,0.1433,0,0,OVER_FORTY,8997
75730,15000,MORTGAGE,104000,21.06,0.0971,0,0,UNDER_FORTY,8114
83543,19425,RENT,48000,20.13,0.1727,0,0,UNDER_FORTY,5192
83869,24000,MORTGAGE,104000,3.22,0.089,0,0,UNDER_FORTY,12589
89917,18000,MORTGAGE,75000,18.61,0.158,0,0,OVER_FORTY,9910
96194,20000,OWN,54000,23.64,0.089,0,0,UNDER_FORTY,8875
104824,10000,RENT,150000,15.76,0.089,0,0,UNDER_FORTY,12862
90614,13600,MORTGAGE,88000,8.82,0.158,0,0,UNDER_FORTY,7810
106652,8000,RENT,42000,20.97,0.1433,0,0,UNDER_FORTY,7780
95746,12600,RENT,67000,29.28,0.1212,0,0,OVER_FORTY,8479
71211,15000,MORTGAGE,220000,9.47,0.1885,0,0,OVER_FORTY,16210
77801,13375,MORTGAGE,74000,2.58,0.1952,0,0,UNDER_FORTY,4675
112118,8125,OWN,26000,22.2,0.1777,0,0,UNDER_FORTY,8905
80343,6000,RENT,30000,5.76,0.1235,0,0,UNDER_FORTY,15998
103928,6000,OWN,90000,8.63,0.1114,0,0,UNDER_FORTY,5406
91491,30000,MORTGAGE,110000,17.72,0.1409,0,0,UNDER_FORTY,7475
90193,4950,RENT,35000,5.25,0.1629,0,0,UNDER_FORTY,4157
105423,18225,OWN,167000,21.54,0.1849,0,0,UNDER_FORTY,9118
107930,8725,RENT,50000,19.66,0.1875,0,0,OVER_FORTY,9728
71006,24000,RENT,195000,1.22,0.0762,0,0,OVER_FORTY,8602
112137,9175,MORTGAGE,84000,29.69,0.079,0,0,UNDER_FORTY,6167
97648,15000,MORTGAGE,98000,8.98,0.1114,0,0,UNDER_FORTY,9940
97179,9600,MORTGAGE,123500,11.39,0.1016,0,0,UNDER_FORTY,12132
80023,8000,MORTGAGE,42000,18.75,0.0662,0,0,UNDER_FORTY,9820
91621,5000,RENT,180000,8.49,0.1972,0,0,OVER_FORTY,6745
114797,16000,MORTGAGE,65000,14.09,0.1311,0,0,OVER_FORTY,6684
101215,8500,MORTGAGE,80000,25.98,0.1433,0,0,OVER_FORTY,7780
86602,3300,RENT,12000,14.5,0.089,0,0,UNDER_FORTY,4888
79356,16975,MORTGAGE,98000,14.88,0.0971,0,0,OVER_FORTY,9514
88299,6625,RENT,35000,23.35,0.158,0,0,UNDER_FORTY,6167
78623,5000,RENT,41600,21.82,0.222,0,0,UNDER_FORTY,6623
83130,9350,RENT,34399,25.81,0.158,0,1,OVER_FORTY,8602
74989,10000,RENT,30000,14.24,0.1678,0,0,UNDER_FORTY,5618
96739,18000,RENT,75000,9.81,0.1777,0,0,UNDER_FORTY,6561
93816,10000,MORTGAGE,84000,7.98,0.0762,0,0,UNDER_FORTY,8449
86756,9600,RENT,51000,14.93,0.0662,0,0,UNDER_FORTY,9210
74793,12100,RENT,57700,19.65,0.1522,0,0,UNDER_FORTY,9333
80889,7200,MORTGAGE,65500,24.01,0.1875,0,0,UNDER_FORTY,9149
69393,12000,MORTGAGE,42000,3.8,0.1522,0,0,UNDER_FORTY,8875
76872,13000,MORTGAGE,78000,5.95,0.0603,0,0,OVER_FORTY,12102
89133,6575,RENT,38000,26.54,0.1212,0,0,UNDER_FORTY,5588
92233,28000,RENT,82158,30.42,0.21,0,0,OVER_FORTY,9879
105398,4675,MORTGAGE,52000,24.48,0.1016,0,0,UNDER_FORTY,10702
101220,3600,MORTGAGE,36000,9.8,0.079,0,0,UNDER_FORTY,7657
107081,28625,MORTGAGE,64080,24.31,0.1531,0,0,UNDER_FORTY,12801
87840,8500,RENT,69000,9.11,0.089,0,0,UNDER_FORTY,5011
103684,2000,MORTGAGE,170000,13.44,0.21,1,0,UNDER_FORTY,8814
70606,6250,RENT,23000,16.43,0.1235,0,0,UNDER_FORTY,4369
110052,8000,RENT,52128,4.83,0.1311,1,0,UNDER_FORTY,8510
93380,28000,MORTGAGE,140000,18.63,0.0762,0,0,UNDER_FORTY,8449
74564,6625,MORTGAGE,29250,33.35,0.1305,0,0,UNDER_FORTY,6045
95551,6975,RENT,135000,0.95,0.1433,0,1,UNDER_FORTY,5953
98112,12000,RENT,40000,19.05,0.21,0,0,UNDER_FORTY,13654
93903,4000,MORTGAGE,110000,18.25,0.1311,0,0,UNDER_FORTY,7841
108146,24250,MORTGAGE,95000,31.38,0.089,0,0,UNDER_FORTY,8114
71264,7500,OWN,57600,23.21,0.227,0,0,OVER_FORTY,6623
107431,24800,RENT,112000,16.09,0.0603,0,0,UNDER_FORTY,8449
71647,5000,RENT,55000,10.6,0.0971,0,0,UNDER_FORTY,4584
100831,18000,RENT,58000,24.27,0.1727,0,0,OVER_FORTY,12954
103731,13000,MORTGAGE,48000,14,0.1016,0,0,UNDER_FORTY,16668
73563,1500,RENT,35000,23.55,0.1825,0,1,UNDER_FORTY,12681
98915,18000,MORTGAGE,72000,19.1,0.079,0,0,UNDER_FORTY,12985
94152,35000,RENT,185000,4.39,0.1409,2,0,OVER_FORTY,9210
96930,26400,MORTGAGE,110000,30.79,0.1016,0,0,OVER_FORTY,13989
99720,15000,RENT,45000,20.8,0.158,0,1,OVER_FORTY,7749
72117,30000,MORTGAGE,120000,21.43,0.1433,0,0,UNDER_FORTY,7049
96280,7000,MORTGAGE,80000,24.06,0.1311,0,0,UNDER_FORTY,7749
95860,20000,MORTGAGE,80832,22.37,0.0762,0,0,OVER_FORTY,12742
98813,8150,OWN,35000,16.94,0.1114,0,0,UNDER_FORTY,9698
77755,12000,RENT,46000,18.99,0.1305,0,0,UNDER_FORTY,5072
75220,16000,MORTGAGE,89000,19.23,0.089,0,0,UNDER_FORTY,8387
107062,19200,MORTGAGE,180000,9.08,0.079,0,0,OVER_FORTY,7994
83823,24000,RENT,145000,8.4,0.1114,0,0,UNDER_FORTY,8359
103507,12000,OWN,72000,15.67,0.1875,0,0,UNDER_FORTY,6349
104222,7500,OWN,35000,29.25,0.158,0,1,UNDER_FORTY,6136
112195,10075,MORTGAGE,29000,20.52,0.1777,0,0,OVER_FORTY,7780
96964,10000,RENT,75000,12.24,0.1629,0,0,OVER_FORTY,17003
91504,21000,MORTGAGE,100000,17.46,0.089,0,0,UNDER_FORTY,9180
74745,21000,MORTGAGE,225000,10.39,0.089,0,0,OVER_FORTY,13593
105602,12000,MORTGAGE,52000,29.33,0.1777,0,0,OVER_FORTY,6533
82003,20000,OWN,48000,30.53,0.1311,0,0,UNDER_FORTY,9210
68163,4800,MORTGAGE,88000,24.85,0.1825,0,0,OVER_FORTY,7171
111126,20000,RENT,51000,30.15,0.1114,0,0,OVER_FORTY,8752
82841,30000,MORTGAGE,105000,24.85,0.1531,0,0,UNDER_FORTY,9363
105284,5000,RENT,62000,11.98,0.1311,0,0,UNDER_FORTY,5465
86418,6000,RENT,102000,5.54,0.1311,0,0,OVER_FORTY,16668
73815,24925,RENT,56160,17.52,0.1235,0,1,UNDER_FORTY,7322
74267,14600,MORTGAGE,90000,10.93,0.1235,0,0,UNDER_FORTY,9333
109269,35000,MORTGAGE,102000,24.98,0.1433,0,0,UNDER_FORTY,9789
82655,8000,RENT,24000,19.95,0.1311,0,0,OVER_FORTY,11128
72270,15000,MORTGAGE,47000,13.38,0.0603,0,0,UNDER_FORTY,8359
87908,24000,RENT,115000,10.4,0.1212,0,0,UNDER_FORTY,8875
86232,16000,MORTGAGE,90000,11.81,0.1016,0,0,UNDER_FORTY,7202
99723,10400,MORTGAGE,93000,12.17,0.1727,0,0,UNDER_FORTY,7049
97741,9000,MORTGAGE,55000,10.28,0.1433,0,0,UNDER_FORTY,6227
98982,20000,MORTGAGE,100000,10.24,0.079,0,0,UNDER_FORTY,13563
95357,8000,MORTGAGE,60000,20.24,0.1212,0,1,OVER_FORTY,8571
101487,7200,RENT,43000,12.73,0.1849,0,1,UNDER_FORTY,8359
96499,18000,MORTGAGE,110000,8.21,0.1016,0,0,UNDER_FORTY,5100
85381,6325,MORTGAGE,65000,25.44,0.1311,0,0,UNDER_FORTY,9728
103238,10000,OWN,39500,24.3,0.1311,0,0,OVER_FORTY,6898
78301,15000,MORTGAGE,61140,24.95,0.1064,0,0,UNDER_FORTY,7506
101876,5000,RENT,40000,29.1,0.1311,0,0,UNDER_FORTY,9667
102984,5000,RENT,20000,34.08,0.2049,0,0,UNDER_FORTY,7263
104550,8000,RENT,52500,18.23,0.1849,0,0,UNDER_FORTY,7780
70229,12500,MORTGAGE,36000,20.13,0.1155,0,0,UNDER_FORTY,11097
88507,2700,RENT,21000,7.26,0.1972,0,0,UNDER_FORTY,7810
85893,8000,MORTGAGE,60000,11.98,0.1311,1,0,UNDER_FORTY,12011
99245,9000,RENT,60000,10.28,0.1905,0,0,UNDER_FORTY,8114
74633,18000,MORTGAGE,59000,18.43,0.1368,0,0,OVER_FORTY,7018
92548,16300,MORTGAGE,40000,9.45,0.1311,0,0,OVER_FORTY,8632
112120,5600,MORTGAGE,87000,5.09,0.0603,0,0,OVER_FORTY,6957
101166,6000,MORTGAGE,70000,15.17,0.1409,0,0,OVER_FORTY,7902
112287,28000,MORTGAGE,145000,8.89,0.0762,0,0,UNDER_FORTY,9848
110482,20500,RENT,110000,16.18,0.079,0,0,UNDER_FORTY,10154
108687,21200,MORTGAGE,70000,12.89,0.089,1,0,UNDER_FORTY,10794
103296,20000,RENT,70000,19.87,0.1409,0,0,UNDER_FORTY,5680
110883,10000,RENT,40000,19.77,0.089,0,0,UNDER_FORTY,6319
108136,8000,RENT,60000,12.34,0.1629,0,0,UNDER_FORTY,12893
79262,14000,RENT,125000,22.95,0.0971,0,0,OVER_FORTY,11493
73339,12500,RENT,52000,8.56,0.1305,0,0,UNDER_FORTY,9302
95978,23000,MORTGAGE,96680,23.05,0.1114,0,0,UNDER_FORTY,8602
93857,30000,RENT,90000,11.63,0.1311,0,0,OVER_FORTY,9636
84080,18500,MORTGAGE,46800,15.67,0.1311,0,0,UNDER_FORTY,4492
76988,28000,RENT,80000,21.24,0.1678,0,0,OVER_FORTY,5588
106032,18000,OWN,56000,0,0.1972,0,0,UNDER_FORTY,8875
76350,9600,MORTGAGE,75000,16.19,0.1235,0,0,UNDER_FORTY,10519
91197,14000,OWN,85000,4.42,0.1409,0,0,UNDER_FORTY,7872
100470,25000,MORTGAGE,63000,24.46,0.089,0,0,OVER_FORTY,7688
98862,8500,RENT,51000,33.96,0.158,0,0,UNDER_FORTY,6380
82050,13200,RENT,45000,26.93,0.089,0,0,OVER_FORTY,9575
79541,8000,MORTGAGE,50000,7.99,0.1064,0,0,OVER_FORTY,5953
81281,8000,MORTGAGE,90000,27.96,0.1727,0,0,UNDER_FORTY,15299
112197,16750,MORTGAGE,80000,18.72,0.089,0,0,UNDER_FORTY,11950
86573,15250,RENT,51000,13.34,0.0762,0,0,UNDER_FORTY,5741
107892,10000,MORTGAGE,40000,23.55,0.158,0,0,UNDER_FORTY,5557
96876,9600,MORTGAGE,70000,20.38,0.1212,0,0,OVER_FORTY,11281
98590,9000,MORTGAGE,52000,13.54,0.089,0,0,OVER_FORTY,7597
84619,18000,MORTGAGE,170000,13.43,0.1016,0,1,UNDER_FORTY,11309
71071,5000,RENT,35000,26.3,0.1588,0,0,OVER_FORTY,6776
97029,4000,MORTGAGE,19324.8,26.7,0.1875,0,1,UNDER_FORTY,14537
88656,11000,RENT,35000,5.48,0.1433,0,0,UNDER_FORTY,13593
88596,12000,MORTGAGE,37000,16.9,0.1114,0,0,OVER_FORTY,6957
92922,10000,MORTGAGE,106000,7.51,0.0603,0,0,UNDER_FORTY,8418
85047,15000,RENT,60000,13.38,0.089,0,0,UNDER_FORTY,7383
103048,7000,MORTGAGE,143000,18.63,0.1114,0,0,UNDER_FORTY,11006
111816,7500,MORTGAGE,54115,23.82,0.1905,0,1,UNDER_FORTY,9971
79286,8725,OWN,30224,21.44,0.1885,0,1,UNDER_FORTY,7597
74358,6000,MORTGAGE,63155,7.66,0.0971,0,0,UNDER_FORTY,5345
71151,16800,MORTGAGE,78000,33.54,0.1522,0,0,OVER_FORTY,8206
79853,9700,MORTGAGE,28000,23.96,0.1064,0,0,UNDER_FORTY,18464
73376,12000,RENT,65000,11.58,0.0971,0,0,UNDER_FORTY,5953
77513,24925,MORTGAGE,56292,24.69,0.0762,0,0,UNDER_FORTY,9879
95053,9600,MORTGAGE,65000,8.05,0.1311,0,0,OVER_FORTY,6684
83610,9000,RENT,48000,17.65,0.1311,0,0,UNDER_FORTY,8084
83722,6000,RENT,48000,14.45,0.1727,0,0,UNDER_FORTY,8418
72200,12000,MORTGAGE,66000,13.76,0.079,0,0,UNDER_FORTY,6349
92259,8000,OWN,70000,3.98,0.0662,0,0,UNDER_FORTY,13258
78351,9600,RENT,54000,11.02,0.1588,0,0,UNDER_FORTY,6349
111402,11500,MORTGAGE,45000,26.75,0.1727,0,0,UNDER_FORTY,8783
68401,10000,RENT,44000,19.96,0.1885,0,0,UNDER_FORTY,5437
92833,3600,MORTGAGE,78000,20.4,0.1875,0,0,UNDER_FORTY,7110
77976,14000,MORTGAGE,99600,17.76,0.1433,0,0,OVER_FORTY,11067
75842,11625,RENT,81600,6.35,0.1522,0,0,UNDER_FORTY,8387
106527,2000,RENT,35000,17.07,0.1531,0,0,UNDER_FORTY,8328
100830,8000,OWN,51238,12.04,0.1905,0,0,UNDER_FORTY,7414
87613,16000,MORTGAGE,109500,33.09,0.1212,0,0,OVER_FORTY,10489
105636,21000,MORTGAGE,116476,14.45,0.1212,0,0,OVER_FORTY,7933
75691,12000,RENT,56000,18.32,0.1235,0,0,UNDER_FORTY,13958
109293,5000,RENT,50000,4.97,0.1972,0,0,UNDER_FORTY,6411
90313,7200,RENT,35000,5.41,0.1777,0,0,UNDER_FORTY,5376
87850,6000,MORTGAGE,65000,16.15,0.1531,0,0,UNDER_FORTY,8145
105534,21000,OWN,53000,11.48,0.1212,0,0,OVER_FORTY,10213
98033,2500,OWN,70000,22.97,0.1727,0,1,UNDER_FORTY,4827
97857,15600,MORTGAGE,170000,13.32,0.0762,0,0,UNDER_FORTY,14658
109606,5000,MORTGAGE,35000,17.49,0.1311,0,1,OVER_FORTY,8510
85712,3250,MORTGAGE,42000,18.79,0.158,0,0,OVER_FORTY,8084
83075,13250,RENT,41365,22.31,0.1875,0,1,OVER_FORTY,10305
92879,6075,RENT,25000,14.02,0.1114,0,0,UNDER_FORTY,4919
83051,8000,RENT,82000,11.24,0.1531,0,0,UNDER_FORTY,9424
76586,5000,RENT,30000,9.88,0.1368,0,0,UNDER_FORTY,5223
88496,10000,OWN,53000,10.85,0.1531,0,0,UNDER_FORTY,7383
101616,28850,MORTGAGE,65000,10.5,0.1409,0,0,OVER_FORTY,9149
74781,12000,RENT,85000,14.09,0.1155,0,0,UNDER_FORTY,10916
109888,1600,RENT,31000,26.05,0.1727,0,0,UNDER_FORTY,5011
99474,7550,MORTGAGE,48000,16.24,0.0762,0,0,UNDER_FORTY,7049
83923,5000,OWN,23000,32.03,0.158,0,0,OVER_FORTY,7383
106109,5000,RENT,45000,15.57,0.1531,0,0,OVER_FORTY,9180
72296,15000,RENT,49000,15.67,0.1522,0,0,UNDER_FORTY,7688
71318,10000,OWN,42000,11.97,0.0971,0,0,OVER_FORTY,8175
99573,18000,MORTGAGE,100000,26.11,0.1016,0,0,UNDER_FORTY,10519
79274,17050,MORTGAGE,38000,11.08,0.1368,0,0,UNDER_FORTY,12436
80046,8000,MORTGAGE,29760,5.24,0.1368,0,0,UNDER_FORTY,8175
107947,8975,RENT,26000,13.57,0.1972,0,0,UNDER_FORTY,10794
86960,9750,RENT,53000,5.77,0.1433,0,0,UNDER_FORTY,6926
78752,9450,RENT,28000,30.86,0.1305,0,0,UNDER_FORTY,10185
92983,3000,RENT,25000,10.33,0.21,0,0,UNDER_FORTY,6988
85892,10000,RENT,45000,32.67,0.1409,0,1,UNDER_FORTY,7049
81728,13700,MORTGAGE,66000,4.82,0.1114,0,0,UNDER_FORTY,6926
96191,16000,MORTGAGE,96500,0.31,0.089,0,0,UNDER_FORTY,5588
102365,4375,RENT,21000,7.49,0.1972,0,0,UNDER_FORTY,14293
77454,9600,MORTGAGE,43000,25.65,0.0971,0,0,OVER_FORTY,7475
98018,18000,RENT,40000,11.91,0.1311,0,0,OVER_FORTY,9789
82015,32400,MORTGAGE,90000,17.59,0.1531,0,0,OVER_FORTY,9118
96443,8000,RENT,48000,24.45,0.079,0,0,OVER_FORTY,10732
92015,5000,RENT,60000,19.46,0.1433,0,0,OVER_FORTY,9089
94994,25250,RENT,75000,16.74,0.1311,0,0,UNDER_FORTY,7536
112240,25000,RENT,140000,14.91,0.1531,0,0,UNDER_FORTY,9545
76605,18000,MORTGAGE,51000,21.84,0.1522,0,0,UNDER_FORTY,7018
73052,2800,RENT,22640,8.85,0.1368,0,0,UNDER_FORTY,8783
107033,7750,RENT,38000,5.91,0.1875,0,0,UNDER_FORTY,4919
104486,8000,RENT,36000,27.7,0.1905,0,0,UNDER_FORTY,9118
72121,1900,MORTGAGE,57000,1.79,0.0662,0,0,UNDER_FORTY,9728
98035,15000,MORTGAGE,36000,17.88,0.1212,0,0,OVER_FORTY,11674
91832,4950,RENT,30000,22.09,0.1433,0,0,UNDER_FORTY,4400
102123,6725,RENT,80000,18.7,0.1875,0,0,UNDER_FORTY,12620
108463,14400,RENT,116000,10.14,0.1114,0,0,UNDER_FORTY,5253
75166,7125,RENT,26000,11.03,0.1825,0,1,UNDER_FORTY,5072
101663,24575,MORTGAGE,55800,26.6,0.0662,0,0,UNDER_FORTY,7810
98054,17000,MORTGAGE,160000,8.19,0.1212,1,0,OVER_FORTY,5345
85588,15000,MORTGAGE,70000,23.97,0.1212,0,0,UNDER_FORTY,8206
102625,15200,MORTGAGE,60000,27.14,0.1212,0,0,OVER_FORTY,7536
71104,3000,MORTGAGE,61800,14.83,0.1064,0,0,UNDER_FORTY,7444
73056,28000,MORTGAGE,280000,14.61,0.0971,0,1,OVER_FORTY,8905
95394,21000,MORTGAGE,130000,20.06,0.1212,0,0,OVER_FORTY,9971
93761,7000,RENT,79500,20.78,0.2198,0,0,OVER_FORTY,7322
82531,10000,RENT,29472,12.42,0.1311,0,0,UNDER_FORTY,7414
87147,10800,RENT,70000,6.49,0.1531,0,0,UNDER_FORTY,8844
73301,18000,MORTGAGE,77000,20.03,0.1952,0,0,UNDER_FORTY,11036
74355,15000,MORTGAGE,52000,11.56,0.0662,0,0,UNDER_FORTY,11097
95602,10000,RENT,150000,1.84,0.0662,0,0,UNDER_FORTY,7810
75503,16700,MORTGAGE,74000,12.22,0.0603,0,0,OVER_FORTY,10366
72310,12000,RENT,53000,23.38,0.1235,0,0,UNDER_FORTY,8449
99633,21000,MORTGAGE,120328,23.97,0.0662,0,0,OVER_FORTY,10944
98105,7875,RENT,24000,30.23,0.2049,0,0,UNDER_FORTY,6561
104809,14000,MORTGAGE,47750.3,13.36,0.1849,0,0,OVER_FORTY,7810
109308,22000,MORTGAGE,80000,29.52,0.0762,0,0,UNDER_FORTY,14811
114044,15000,RENT,50000,23.64,0.1727,0,0,OVER_FORTY,8418
92585,21000,MORTGAGE,78000,6.52,0.0762,0,0,UNDER_FORTY,8206
72706,10000,RENT,50000,5.54,0.1235,0,0,UNDER_FORTY,8022
100259,9000,OWN,42000,16.91,0.0603,0,0,OVER_FORTY,12467
71482,7500,MORTGAGE,42000,2.6,0.1433,0,0,OVER_FORTY,5649
97819,12000,RENT,73500,20.84,0.1016,0,0,OVER_FORTY,11462
110875,12000,OWN,38000,21.79,0.1433,0,0,UNDER_FORTY,6411
91190,4575,RENT,75000,1.47,0.1972,0,0,UNDER_FORTY,6684
91804,10000,RENT,92000,7.19,0.1114,0,0,OVER_FORTY,6288
99921,1400,RENT,19000,0.95,0.158,0,1,UNDER_FORTY,5680
97849,30000,MORTGAGE,120000,16.26,0.089,0,0,OVER_FORTY,11950
96839,9000,RENT,36000,23.3,0.1777,0,0,UNDER_FORTY,5345
87561,7500,MORTGAGE,35000,22.8,0.1114,0,0,UNDER_FORTY,8114
99554,15000,RENT,275004,7.27,0.1311,0,0,UNDER_FORTY,5771
111807,9000,MORTGAGE,47500,12.05,0.1531,0,0,UNDER_FORTY,5162
107526,4600,RENT,48000,3.56,0.1531,0,0,OVER_FORTY,6988
101364,20000,MORTGAGE,199000,21.59,0.089,0,0,UNDER_FORTY,17459
86143,5700,MORTGAGE,77000,14.6,0.1212,0,0,OVER_FORTY,10610
98878,10000,MORTGAGE,82000,27.48,0.1311,0,0,OVER_FORTY,10244
95621,18000,RENT,80000,13.13,0.079,0,0,UNDER_FORTY,12132
71971,15000,MORTGAGE,74000,6.02,0.1064,0,0,OVER_FORTY,8145
94330,10000,RENT,60000,15.6,0.1433,0,0,UNDER_FORTY,4950
96082,11000,RENT,50000,8.93,0.1311,0,0,UNDER_FORTY,7049
105898,4750,RENT,25000,11.71,0.21,0,0,UNDER_FORTY,4675
103362,9000,MORTGAGE,80000,22.15,0.1016,0,0,OVER_FORTY,9848
87733,12800,OWN,84000,4.59,0.0762,0,0,UNDER_FORTY,14962
77257,5000,RENT,49663,11.74,0.1305,0,0,UNDER_FORTY,6714
109380,12000,MORTGAGE,45000,30.08,0.1212,0,0,UNDER_FORTY,7902
90993,6075,MORTGAGE,31000,32.32,0.1409,0,0,UNDER_FORTY,8905
95344,10000,RENT,35000,15.5,0.1727,0,0,UNDER_FORTY,6806
96448,25975,RENT,58200,20.7,0.2149,0,0,UNDER_FORTY,5162
107137,16400,MORTGAGE,47000,16.01,0.1114,0,0,UNDER_FORTY,5192
77477,6625,MORTGAGE,37800,27.33,0.1522,0,1,OVER_FORTY,5496
98028,14400,RENT,55000,11.76,0.0762,0,0,UNDER_FORTY,11919
78701,21350,MORTGAGE,48000,13.13,0.1235,0,0,UNDER_FORTY,8844
69775,5950,MORTGAGE,48100,23.41,0.1678,0,0,UNDER_FORTY,7475
70298,5500,MORTGAGE,20000,21.72,0.1952,0,0,UNDER_FORTY,5072
106718,2800,RENT,27000,20.09,0.1433,0,0,UNDER_FORTY,6776
98351,12000,RENT,80000,4.9,0.1875,0,0,UNDER_FORTY,9910
103172,19200,RENT,51032,23.33,0.1016,0,0,OVER_FORTY,8663
88489,11200,RENT,36500,23.9,0.158,0,1,UNDER_FORTY,5437
89513,10000,MORTGAGE,180000,4.44,0.1212,0,0,UNDER_FORTY,12681
85098,3300,MORTGAGE,68000,7.87,0.1016,0,0,OVER_FORTY,10154
75487,12000,MORTGAGE,65000,19.16,0.1064,0,0,UNDER_FORTY,7322
91755,14000,MORTGAGE,80000,4.5,0.079,0,0,UNDER_FORTY,9089
93953,15000,MORTGAGE,54831,21.32,0.0603,0,0,OVER_FORTY,7353
107730,15000,RENT,85000,16.7,0.1016,0,0,UNDER_FORTY,8298
77312,10375,MORTGAGE,35000,20.61,0.1952,0,0,UNDER_FORTY,9514
76505,12000,MORTGAGE,96000,3.92,0.089,0,0,UNDER_FORTY,5953
96123,10000,RENT,70000,13.67,0.1727,0,1,OVER_FORTY,9149
80175,11800,RENT,50000,15.67,0.1522,0,0,OVER_FORTY,8237
90897,4200,OWN,50000,2.33,0.1212,0,0,UNDER_FORTY,8875
100988,11500,MORTGAGE,62556,8.86,0.1311,0,0,OVER_FORTY,6533
109295,14400,RENT,50000,34.82,0.1727,0,0,UNDER_FORTY,5527
91690,16000,RENT,94000,11.91,0.1629,0,0,OVER_FORTY,7719
70621,13000,MORTGAGE,52000,12.12,0.1885,0,1,UNDER_FORTY,4310
83072,9000,MORTGAGE,95500,13.7,0.1531,0,0,UNDER_FORTY,7263
82141,10000,MORTGAGE,65000,27.3,0.1875,0,0,OVER_FORTY,7018
94145,13375,MORTGAGE,75000,22.81,0.1114,0,0,UNDER_FORTY,7202
86408,13500,MORTGAGE,48000,18.11,0.1409,0,0,OVER_FORTY,7657
94125,10800,MORTGAGE,74000,9.08,0.1212,0,0,OVER_FORTY,10944
81744,24000,MORTGAGE,180000,3.58,0.0662,0,1,OVER_FORTY,6623
103186,7200,RENT,58000,26.13,0.1849,0,1,OVER_FORTY,7628
70562,8400,MORTGAGE,130000,12.16,0.1235,0,0,UNDER_FORTY,15603
71435,4500,OWN,42000,3.86,0.1368,0,0,UNDER_FORTY,6653
101553,11075,MORTGAGE,32000,28.16,0.1433,0,0,UNDER_FORTY,8814
73589,9000,RENT,54000,13.19,0.0762,0,0,UNDER_FORTY,6106
74408,5000,RENT,35000,25.18,0.1588,0,0,UNDER_FORTY,5315
83807,15000,RENT,46800,13.97,0.1777,0,0,OVER_FORTY,8237
91805,35000,MORTGAGE,95000,29.07,0.1531,0,0,UNDER_FORTY,11646
82126,16000,MORTGAGE,68000,8.45,0.1629,0,1,UNDER_FORTY,7141
97947,15000,RENT,110000,5.14,0.1114,0,0,UNDER_FORTY,15268
71492,10000,RENT,65000,29.61,0.1825,0,0,UNDER_FORTY,7414
87984,1200,RENT,30000,17.69,0.0662,0,0,UNDER_FORTY,6684
112029,11500,RENT,33000,15.89,0.1531,0,1,UNDER_FORTY,6745
101229,10000,MORTGAGE,91800,28.84,0.0603,0,0,UNDER_FORTY,7475
91517,14000,MORTGAGE,83000,17.35,0.1629,0,0,UNDER_FORTY,13015
88969,6000,MORTGAGE,30000,15.28,0.1777,0,0,UNDER_FORTY,6898
97780,9000,MORTGAGE,66500,22.39,0.1212,0,0,OVER_FORTY,12589
75494,10000,MORTGAGE,115000,11.09,0.0971,0,0,UNDER_FORTY,11006
106455,18000,OWN,70000,17.95,0.1875,0,0,OVER_FORTY,5618
80464,8000,MORTGAGE,55000,15.23,0.1235,0,0,UNDER_FORTY,7567
93764,10000,RENT,40000,27.36,0.1212,0,0,UNDER_FORTY,7079
71405,19200,RENT,107000,26.94,0.1064,0,0,OVER_FORTY,10702
91670,15000,RENT,57000,29.4,0.1114,0,0,UNDER_FORTY,11797
102663,11500,RENT,46200,20.13,0.079,0,0,UNDER_FORTY,13227
92564,10625,MORTGAGE,72000,3.92,0.1849,0,0,OVER_FORTY,11705
92772,9900,OWN,38000,23.49,0.1212,0,0,UNDER_FORTY,5953
80733,10000,MORTGAGE,42000,22.86,0.0662,0,0,UNDER_FORTY,8752
93201,8575,MORTGAGE,50000,10.08,0.1212,0,0,UNDER_FORTY,6898
90511,10800,RENT,46169,19.12,0.1212,0,0,UNDER_FORTY,5557
103440,5000,RENT,27000,26,0.1311,0,1,UNDER_FORTY,8022
107077,21000,MORTGAGE,259000,18.06,0.0603,0,0,OVER_FORTY,8267
102063,7500,MORTGAGE,190000,8.43,0.1114,0,0,OVER_FORTY,7963
73055,10625,RENT,32000,20.7,0.1522,0,0,UNDER_FORTY,7291
78396,11625,MORTGAGE,110000,21.05,0.1433,0,0,UNDER_FORTY,6806
87102,21000,MORTGAGE,80000,29.13,0.1531,0,0,OVER_FORTY,7141
76654,11500,MORTGAGE,35000,12.21,0.1064,0,0,UNDER_FORTY,8328
98987,8000,MORTGAGE,34153,5.38,0.1114,0,0,OVER_FORTY,7688
84266,10000,MORTGAGE,112000,18.32,0.1531,0,0,OVER_FORTY,11401
110511,10000,MORTGAGE,100392,11.97,0.0603,0,0,UNDER_FORTY,14596
106630,24000,MORTGAGE,108000,10.56,0.079,0,1,UNDER_FORTY,7994
93497,6325,RENT,22000,17.62,0.1629,0,0,OVER_FORTY,6837
96724,15600,MORTGAGE,72000,11.98,0.1016,0,0,UNDER_FORTY,9514
91781,3500,MORTGAGE,41000,16.01,0.0662,0,0,UNDER_FORTY,8663
89375,14000,RENT,158000,18.69,0.1311,0,0,OVER_FORTY,12497
108966,15000,RENT,130000,7.01,0.1016,0,0,UNDER_FORTY,6106
99836,28000,RENT,98000,25.84,0.1727,0,0,OVER_FORTY,11674
74952,7000,MORTGAGE,68500,10.6,0.1235,0,0,OVER_FORTY,9180
101255,20000,MORTGAGE,73000,12.82,0.1409,0,0,OVER_FORTY,7475
97337,15350,RENT,84880,19.06,0.1629,0,0,UNDER_FORTY,7872
88970,21000,MORTGAGE,102600,14.26,0.0662,0,0,OVER_FORTY,14476
101767,4000,RENT,17700,34.98,0.1905,0,1,UNDER_FORTY,4219
104223,35000,RENT,187000,8.51,0.1629,0,0,UNDER_FORTY,6288
97730,8875,OWN,27000,16.84,0.1531,0,0,UNDER_FORTY,7202
92869,5000,RENT,17000,22.31,0.1777,0,0,UNDER_FORTY,5011
98330,3000,RENT,60000,28.31,0.1212,0,1,UNDER_FORTY,15542
80582,10000,RENT,45000,10.91,0.1064,0,0,UNDER_FORTY,6988
84097,7200,RENT,70000,10.94,0.1311,0,0,UNDER_FORTY,5496
91712,24000,MORTGAGE,110000,11.05,0.1409,0,0,OVER_FORTY,11340
97984,12000,MORTGAGE,60000,28.44,0.1875,0,1,UNDER_FORTY,7171
74481,16000,RENT,72000,10.89,0.1756,0,0,UNDER_FORTY,5192
76361,6000,MORTGAGE,120000,6.25,0.1064,0,0,OVER_FORTY,10366
92940,8000,MORTGAGE,85000,8.98,0.1114,0,0,OVER_FORTY,7933
78340,35000,OWN,100000,16.39,0.216,0,0,OVER_FORTY,8084
92112,6000,MORTGAGE,68000,25.2,0.1777,0,1,OVER_FORTY,7872
82279,24000,OWN,175000,21.26,0.1212,0,0,UNDER_FORTY,13258
78104,8400,RENT,95000,20.67,0.1155,0,0,UNDER_FORTY,12285
86062,9000,RENT,54000,3.29,0.1311,0,0,UNDER_FORTY,4888
94271,11950,MORTGAGE,35000,10.32,0.1212,0,0,OVER_FORTY,11309
91309,16000,MORTGAGE,53000,14.31,0.1311,0,0,UNDER_FORTY,8449
69451,8000,MORTGAGE,70000,19.63,0.0971,0,0,OVER_FORTY,12163
85955,8000,MORTGAGE,45000,4.69,0.1016,0,1,OVER_FORTY,7688
81974,15000,MORTGAGE,60000,25.56,0.1905,0,0,OVER_FORTY,12711
101231,7000,MORTGAGE,145000,15.48,0.1875,0,0,UNDER_FORTY,7933
94557,20000,MORTGAGE,90000,14.53,0.1114,0,0,OVER_FORTY,7202
75527,20000,MORTGAGE,75000,16.45,0.1064,0,0,UNDER_FORTY,7110
94564,8000,MORTGAGE,95000,21.85,0.1016,0,0,UNDER_FORTY,11554
80688,5000,MORTGAGE,40000,22.44,0.1825,0,1,UNDER_FORTY,7536
103232,17500,MORTGAGE,39000,15.88,0.1727,0,0,OVER_FORTY,6502
102667,10050,OWN,30000,7,0.1409,0,0,UNDER_FORTY,7263
108210,35000,MORTGAGE,90000,19.29,0.1629,0,0,OVER_FORTY,14142
104260,6250,MORTGAGE,21500,16.47,0.1409,0,0,UNDER_FORTY,6502
101198,8000,MORTGAGE,33300,22.52,0.1409,0,0,UNDER_FORTY,7444
73398,11000,RENT,36000,29.5,0.089,0,0,UNDER_FORTY,7719
73661,13700,MORTGAGE,44500,16.72,0.0603,0,0,OVER_FORTY,9606
107480,17625,OWN,40000,25.17,0.1114,0,0,UNDER_FORTY,9848
105343,9500,MORTGAGE,58280,23.04,0.1212,0,1,UNDER_FORTY,9118
108059,6000,MORTGAGE,76000,8.83,0.089,0,0,OVER_FORTY,7963
106004,35000,MORTGAGE,500000,6.06,0.158,0,1,UNDER_FORTY,10093
73382,7350,RENT,50000,11.64,0.222,0,0,UNDER_FORTY,5072
71932,14500,OWN,40000,26.76,0.1064,0,0,UNDER_FORTY,6014
108462,5500,MORTGAGE,89292,26.35,0.1433,0,0,UNDER_FORTY,7291
80630,17250,MORTGAGE,68000,16.31,0.1155,0,0,UNDER_FORTY,5892
79515,10000,MORTGAGE,108000,16.88,0.1433,0,0,OVER_FORTY,9271
100242,19725,RENT,125000,17.03,0.1016,0,0,UNDER_FORTY,7322
96744,12000,RENT,60000,13.34,0.1629,0,0,UNDER_FORTY,4888
113465,21250,RENT,65000,2.79,0.1311,0,0,UNDER_FORTY,5922
77469,18000,MORTGAGE,52000,14.82,0.0971,0,0,UNDER_FORTY,9545
105701,22750,MORTGAGE,51000,26.28,0.1433,0,0,UNDER_FORTY,14841
72627,12000,OWN,36000,15.57,0.1064,0,0,UNDER_FORTY,6837
82923,10000,MORTGAGE,90000,24.31,0.1016,0,0,OVER_FORTY,7506
68644,13200,RENT,68000,16.04,0.1588,0,0,UNDER_FORTY,6684
90142,9925,RENT,36000,5.17,0.1531,0,0,UNDER_FORTY,4827
75554,7000,MORTGAGE,62000,13.72,0.1155,0,0,UNDER_FORTY,9545
80969,10600,RENT,59000,15.6,0.158,0,0,UNDER_FORTY,6258
72718,10200,MORTGAGE,106000,6.88,0.1885,0,0,UNDER_FORTY,7444
103680,11100,RENT,47000,24.18,0.1727,0,0,UNDER_FORTY,12040
101345,15000,MORTGAGE,66000,15.45,0.1875,0,0,OVER_FORTY,11281
89668,20000,MORTGAGE,80000,18.73,0.1433,0,1,UNDER_FORTY,12255
81455,12000,MORTGAGE,36000,10.37,0.1114,0,0,OVER_FORTY,5406
73915,21625,MORTGAGE,48750,18.2,0.1155,0,1,UNDER_FORTY,9271
91951,9925,MORTGAGE,46200,12.73,0.1114,0,0,UNDER_FORTY,7780
102739,12000,OWN,44000,32.37,0.1849,0,0,OVER_FORTY,8905
94443,10200,MORTGAGE,80000,12.12,0.1212,0,0,UNDER_FORTY,10063
105253,19200,RENT,95000,19,0.1016,0,0,UNDER_FORTY,5892
84281,1000,MORTGAGE,67200,15.46,0.1629,0,1,UNDER_FORTY,7628
111492,21000,MORTGAGE,80000,19.82,0.089,0,0,UNDER_FORTY,6349
101078,12000,MORTGAGE,78000,21.04,0.0662,0,0,OVER_FORTY,11980
96335,8225,MORTGAGE,75000,18.32,0.089,0,0,OVER_FORTY,7322
101307,21000,MORTGAGE,80400,19.96,0.1212,0,0,UNDER_FORTY,8814
107064,5000,MORTGAGE,50000,9.17,0.0662,0,0,UNDER_FORTY,5437
96170,9600,MORTGAGE,70000,14.67,0.1212,0,0,UNDER_FORTY,5741
85397,9500,RENT,30000,34.11,0.1433,0,0,UNDER_FORTY,11827
91389,12000,RENT,68000,18.14,0.1629,0,0,UNDER_FORTY,5011
78473,15000,OWN,88000,23.62,0.1588,0,1,OVER_FORTY,8936
107470,16000,MORTGAGE,52000,10.55,0.1409,0,0,OVER_FORTY,10550
86084,12000,RENT,61000,10.13,0.0762,0,0,UNDER_FORTY,8145
109789,7375,RENT,33216,24.98,0.158,0,0,UNDER_FORTY,4522
92473,2000,OWN,15000,20.96,0.1409,0,0,UNDER_FORTY,9028
80170,1600,MORTGAGE,32000,25.99,0.1756,0,0,UNDER_FORTY,6014
95789,10000,RENT,52000,13.41,0.1212,0,0,UNDER_FORTY,5496
109600,20550,MORTGAGE,88000,20.13,0.1212,0,0,UNDER_FORTY,11858
82775,12000,MORTGAGE,44000,12,0.1114,0,0,UNDER_FORTY,6623
96263,8000,MORTGAGE,50000,20.3,0.1777,0,1,UNDER_FORTY,6136
108020,5000,RENT,85000,29.35,0.1311,0,0,UNDER_FORTY,10305
87063,10175,MORTGAGE,72000,13.05,0.1114,0,0,UNDER_FORTY,12923
70191,20000,MORTGAGE,70000,11.52,0.1064,0,0,UNDER_FORTY,7567
102074,7350,RENT,35000,11.11,0.1849,0,1,UNDER_FORTY,7383
92031,3000,MORTGAGE,53000,26.04,0.1849,0,0,OVER_FORTY,7963
87789,35000,MORTGAGE,125000,2.17,0.158,0,1,OVER_FORTY,9514
105744,20000,RENT,75700,13.14,0.1409,0,0,UNDER_FORTY,7688
106873,30000,MORTGAGE,130000,15.81,0.1849,0,0,OVER_FORTY,9483
78136,35000,MORTGAGE,112000,16.78,0.1588,0,1,UNDER_FORTY,17245
104599,8875,RENT,26000,11.03,0.1777,0,1,OVER_FORTY,7536
99551,2200,MORTGAGE,74000,28.65,0.1849,0,0,UNDER_FORTY,7810
107396,4200,MORTGAGE,62000,26.54,0.1629,0,0,OVER_FORTY,8206
99696,10000,MORTGAGE,69000,9.57,0.21,0,0,OVER_FORTY,10001
86109,10625,RENT,50000,20.74,0.1972,0,0,UNDER_FORTY,10579
104413,10050,RENT,30000,19.28,0.1629,0,1,UNDER_FORTY,7444
94896,11500,MORTGAGE,43000,26.85,0.1629,0,1,UNDER_FORTY,8175
82412,15000,OWN,44941,28.28,0.1875,0,0,UNDER_FORTY,7597
102603,8875,MORTGAGE,40000,25.59,0.1727,0,0,UNDER_FORTY,6411
71714,35000,MORTGAGE,85000,22.47,0.1064,0,0,OVER_FORTY,12011
96826,16000,RENT,75000,17.81,0.1212,0,0,UNDER_FORTY,6653
109591,5000,MORTGAGE,45000,15.57,0.089,0,0,UNDER_FORTY,6957
107887,18000,MORTGAGE,102000,21.03,0.0762,0,0,UNDER_FORTY,7263
94692,6000,RENT,34000,21.88,0.1311,0,0,UNDER_FORTY,5345
110225,12725,OWN,158400,5.91,0.1114,0,0,OVER_FORTY,4735
86363,1000,MORTGAGE,41635,16.2,0.1629,0,1,OVER_FORTY,7810
103950,28000,RENT,86188,21.43,0.1114,0,0,UNDER_FORTY,14962
87939,10000,MORTGAGE,55000,20.77,0.079,0,0,OVER_FORTY,5922
79096,7200,MORTGAGE,65000,19.46,0.089,0,0,UNDER_FORTY,7506
73451,21000,MORTGAGE,145000,12.55,0.1064,0,0,UNDER_FORTY,7322
76236,1000,MORTGAGE,40000,17.43,0.1235,0,0,UNDER_FORTY,10124
106152,7350,OWN,41000,17.39,0.1114,0,0,OVER_FORTY,9089
88949,15000,RENT,165000,18.12,0.158,0,1,UNDER_FORTY,6745
99589,9600,MORTGAGE,92000,16.38,0.089,0,0,UNDER_FORTY,9820
83010,7200,MORTGAGE,51100,12.21,0.1016,0,0,UNDER_FORTY,7322
94129,10475,RENT,103380,0.65,0.1777,0,0,UNDER_FORTY,5680
71708,1600,RENT,33000,9.42,0.216,0,0,UNDER_FORTY,6472
76377,18000,RENT,58000,13.08,0.1064,0,0,UNDER_FORTY,7628
95486,8400,MORTGAGE,29000,17.88,0.1433,0,0,UNDER_FORTY,11371
88999,12000,MORTGAGE,43000,33.64,0.1433,0,0,UNDER_FORTY,7872
103603,10000,MORTGAGE,49000,27.44,0.1311,0,0,UNDER_FORTY,7141
76142,9600,MORTGAGE,35000,6.31,0.1235,0,0,UNDER_FORTY,4888
89195,11000,MORTGAGE,70000,7.2,0.158,0,0,UNDER_FORTY,9210
107797,19200,MORTGAGE,100000,18.06,0.1212,0,0,UNDER_FORTY,11189
93594,13400,MORTGAGE,37500,26.69,0.1531,0,0,UNDER_FORTY,5771
99981,8875,RENT,35000,7.47,0.1849,0,0,UNDER_FORTY,4827
77220,2800,RENT,57654,7.53,0.1825,0,0,OVER_FORTY,11585
102612,5375,RENT,20337.46,16.21,0.1016,0,0,UNDER_FORTY,5406
96896,15000,MORTGAGE,90800,9.86,0.1114,0,0,OVER_FORTY,6167
81593,12300,MORTGAGE,125000,5.7,0.1212,0,0,UNDER_FORTY,8449
99529,15000,MORTGAGE,65000,26.36,0.1727,0,1,UNDER_FORTY,7994
96959,5000,OWN,69000,3.08,0.089,0,0,UNDER_FORTY,14719
86323,2500,MORTGAGE,30000,19.24,0.158,0,0,OVER_FORTY,6106
76992,15800,MORTGAGE,41000,23.03,0.1064,0,0,OVER_FORTY,7263
99899,10000,RENT,135000,11.22,0.1016,0,0,UNDER_FORTY,13501
82745,6000,MORTGAGE,45000,33.68,0.1629,0,0,UNDER_FORTY,7444
86833,11625,RENT,60000,3.38,0.1433,0,1,UNDER_FORTY,4066
79736,10000,MORTGAGE,85000,13.28,0.1155,0,0,OVER_FORTY,11919
84258,16875,RENT,43500,20.88,0.1777,0,0,UNDER_FORTY,7780
76222,8500,RENT,26000,27.28,0.1235,0,1,UNDER_FORTY,5922
85856,6400,RENT,47572,26.11,0.1727,0,0,UNDER_FORTY,16029
103114,12000,RENT,52200,29.97,0.1905,0,0,UNDER_FORTY,5437
109071,8000,MORTGAGE,116000,27.96,0.1311,0,0,UNDER_FORTY,7872
110912,1500,RENT,40000,9.03,0.2363,0,0,UNDER_FORTY,6837
99433,17625,MORTGAGE,85000,23.22,0.1849,0,1,OVER_FORTY,10275
70727,10000,RENT,36000,30.9,0.1588,0,0,OVER_FORTY,8418
108523,3200,RENT,50000,25.1,0.1905,0,0,UNDER_FORTY,6898
100412,10000,RENT,70000,31.18,0.1972,0,0,OVER_FORTY,8022
110680,5000,OWN,45000,24.16,0.1777,0,0,UNDER_FORTY,9575
72723,12000,MORTGAGE,60000,31.12,0.1155,0,0,OVER_FORTY,5861
101818,6000,RENT,44482,31.13,0.1531,0,0,UNDER_FORTY,5496
86615,10000,RENT,40000,8.01,0.1849,0,1,UNDER_FORTY,5922
111476,8000,OWN,40000,8.28,0.1409,0,1,UNDER_FORTY,8602
95880,2500,MORTGAGE,55200,11.7,0.1114,0,0,UNDER_FORTY,13441
83619,5250,MORTGAGE,70000,20.07,0.1531,0,0,OVER_FORTY,7872
89396,3000,MORTGAGE,160000,15.01,0.158,0,0,UNDER_FORTY,8814
103343,20000,RENT,110000,12.33,0.1905,0,1,UNDER_FORTY,6349
103494,6500,MORTGAGE,80000,11.06,0.1212,0,0,UNDER_FORTY,7657
96208,16425,MORTGAGE,45000,24.53,0.1114,0,1,UNDER_FORTY,8022
82283,2000,RENT,79000,5.07,0.1311,0,0,OVER_FORTY,8114
75014,22000,MORTGAGE,55000,21.47,0.089,0,0,UNDER_FORTY,7719
112514,15000,RENT,46000,21.73,0.1114,0,0,UNDER_FORTY,11615
78103,6250,RENT,30000,19.91,0.0971,0,1,UNDER_FORTY,4492
109788,21000,MORTGAGE,80000,7.38,0.089,0,0,UNDER_FORTY,11220
111376,14000,MORTGAGE,68000,12.06,0.1114,0,0,UNDER_FORTY,6745
105171,6250,RENT,30000,25.84,0.1849,0,1,OVER_FORTY,6319
110296,10625,RENT,32000,9.49,0.1777,0,0,UNDER_FORTY,7810
95545,30000,MORTGAGE,90000,29.77,0.1849,0,0,OVER_FORTY,10641
94496,24000,OWN,93500,18.29,0.089,0,0,UNDER_FORTY,10855
110697,9000,RENT,42000,22.26,0.1777,0,0,UNDER_FORTY,6684
87641,10000,OWN,33500,26.19,0.1114,0,0,OVER_FORTY,14962
93976,17475,MORTGAGE,106000,17.75,0.089,0,0,UNDER_FORTY,7597
81604,9000,MORTGAGE,120000,11.59,0.1409,0,0,UNDER_FORTY,9424
110758,18825,MORTGAGE,42000,3.06,0.0603,0,0,OVER_FORTY,13928
89532,11500,MORTGAGE,35000,24.99,0.1433,0,0,UNDER_FORTY,5162
71940,5600,OWN,62000,25.1,0.1368,0,0,UNDER_FORTY,7202
78514,10000,MORTGAGE,58000,9.1,0.1522,0,0,OVER_FORTY,6288
90839,17000,MORTGAGE,148500,9.14,0.1016,0,0,OVER_FORTY,8967
85677,9250,RENT,30000,25.76,0.1531,0,0,UNDER_FORTY,5011
86925,5475,MORTGAGE,60000,29.97,0.1114,0,0,UNDER_FORTY,10275
104358,5600,RENT,34000,29.05,0.2149,0,1,UNDER_FORTY,7202
99014,14000,MORTGAGE,50000,17.11,0.1433,0,0,UNDER_FORTY,7688
91426,35000,RENT,87500,10.72,0.2198,0,0,UNDER_FORTY,7444
90365,27000,MORTGAGE,84000,16.53,0.1114,0,0,OVER_FORTY,9058
71653,15875,RENT,50000,6.12,0.1305,0,0,UNDER_FORTY,8084
81867,10000,MORTGAGE,30000,6.84,0.1212,0,0,UNDER_FORTY,10244
97845,7000,MORTGAGE,140000,6.09,0.1629,0,0,OVER_FORTY,5892
80179,5600,MORTGAGE,40000,7.77,0.1588,0,1,UNDER_FORTY,7657
71351,5575,OWN,175000,16.44,0.222,0,1,UNDER_FORTY,4919
102550,8000,RENT,33000,22.36,0.1875,0,0,UNDER_FORTY,6227
88347,8000,RENT,36000,15.67,0.1311,0,0,UNDER_FORTY,10975
96801,15000,RENT,38400,26.84,0.158,0,1,UNDER_FORTY,5680
75733,6000,MORTGAGE,56000,15.32,0.0971,0,0,UNDER_FORTY,12011
80119,15000,RENT,42000,10.26,0.2031,0,0,UNDER_FORTY,11189
81178,20000,MORTGAGE,59000,21.7,0.1849,0,0,UNDER_FORTY,7597
105057,7200,RENT,24000,16.3,0.1849,0,0,UNDER_FORTY,5527
108071,15000,MORTGAGE,92000,14.78,0.1311,0,0,UNDER_FORTY,9028
105081,5000,OWN,130000,10.45,0.1727,0,0,OVER_FORTY,13501
98109,5000,RENT,63000,20.5,0.1311,0,0,UNDER_FORTY,7780
109791,32350,MORTGAGE,72000,33.02,0.1531,0,0,UNDER_FORTY,15542
82815,10000,MORTGAGE,175000,8.74,0.1629,0,0,OVER_FORTY,7780
83290,5375,MORTGAGE,28000,3.39,0.1727,0,0,OVER_FORTY,5741
91315,8725,RENT,32000,29.36,0.158,0,0,UNDER_FORTY,5710
82856,10000,RENT,36400,9.56,0.1311,1,0,OVER_FORTY,6988
111407,20000,MORTGAGE,86000,10.69,0.079,0,0,UNDER_FORTY,7263
111173,3000,RENT,72000,13.62,0.1433,0,0,UNDER_FORTY,4614
77431,9000,MORTGAGE,53000,29.16,0.1155,0,0,UNDER_FORTY,8571
84422,3000,MORTGAGE,38000,17.62,0.2049,0,0,UNDER_FORTY,6592
73299,9600,OWN,155000,11.43,0.1678,0,1,UNDER_FORTY,9363
100505,8600,OWN,35750,24.77,0.1433,0,0,UNDER_FORTY,5802
71900,33000,RENT,83000,34.42,0.1588,0,0,OVER_FORTY,8237
84208,7925,RENT,53000,19.7,0.1212,0,0,UNDER_FORTY,7719
101587,8000,MORTGAGE,56000,11.02,0.1311,0,1,UNDER_FORTY,8967
85707,15000,MORTGAGE,95000,14.08,0.1905,0,0,UNDER_FORTY,9089
71173,6000,RENT,30651.27,5.36,0.0971,0,0,UNDER_FORTY,5192
97030,14400,RENT,50000,14.57,0.1114,0,0,OVER_FORTY,10671
74445,8325,MORTGAGE,25000,20.02,0.1368,1,0,UNDER_FORTY,7902
100848,12500,MORTGAGE,42500,12.73,0.1212,0,0,UNDER_FORTY,9455
88283,9750,RENT,29000,21.32,0.1849,0,0,UNDER_FORTY,5376
74617,6000,RENT,20000,12.5,0.0971,0,0,UNDER_FORTY,5741
111474,16000,MORTGAGE,151000,4.54,0.1311,0,0,OVER_FORTY,13258
79054,3600,RENT,48000,24.33,0.2031,0,1,UNDER_FORTY,9210
89360,15000,MORTGAGE,75000,30.98,0.1433,0,0,OVER_FORTY,8114
107533,15000,RENT,62500,15.8,0.1311,0,0,OVER_FORTY,14262
72347,20000,MORTGAGE,78000,19.72,0.1825,0,0,OVER_FORTY,6561
78158,5000,MORTGAGE,48000,6.13,0.1678,0,1,UNDER_FORTY,11736
73597,11700,RENT,36000,9.2,0.1155,0,0,UNDER_FORTY,11736
82900,11000,MORTGAGE,117000,4.53,0.1777,0,0,UNDER_FORTY,9089
102000,24000,MORTGAGE,230000,15.52,0.079,0,0,UNDER_FORTY,10185
86535,12275,MORTGAGE,55000,15.4,0.158,0,0,UNDER_FORTY,4645
111169,1800,MORTGAGE,31000,8.71,0.1212,0,0,UNDER_FORTY,9210
70792,16000,MORTGAGE,57800,12.08,0.0662,0,0,OVER_FORTY,10610
69643,10625,RENT,31875.72,30.46,0.1825,0,1,UNDER_FORTY,8418
101322,2800,RENT,72000,15.73,0.158,0,0,UNDER_FORTY,10093
89567,10000,MORTGAGE,61000,1.84,0.0762,0,0,OVER_FORTY,9363
110897,25000,RENT,100000,19.29,0.1433,0,0,UNDER_FORTY,7597
70356,10000,MORTGAGE,50000,29.93,0.1885,0,0,UNDER_FORTY,15419
77161,8000,RENT,71000,18.37,0.079,0,0,UNDER_FORTY,14688
84165,9000,RENT,60000,18.02,0.1114,0,0,UNDER_FORTY,6411
71852,2500,MORTGAGE,85500,29.43,0.1433,0,1,UNDER_FORTY,9302
100000,12000,MORTGAGE,43500,30.76,0.1409,1,0,UNDER_FORTY,9028
106966,18000,MORTGAGE,140000,8.54,0.0603,0,0,UNDER_FORTY,10855
87301,10000,MORTGAGE,41000,9.48,0.1212,0,0,UNDER_FORTY,10244
85984,12000,MORTGAGE,70000,25.27,0.1531,0,0,OVER_FORTY,6592
98205,12000,MORTGAGE,75000,9.79,0.1212,0,0,OVER_FORTY,7171
109945,20000,MORTGAGE,60000,21.94,0.1114,0,0,UNDER_FORTY,7263
104910,3000,OWN,29000,12.04,0.1727,0,0,UNDER_FORTY,14933
101023,30000,MORTGAGE,125000,18.21,0.1849,0,0,OVER_FORTY,8114
108015,16000,MORTGAGE,60000,11.58,0.1972,0,0,UNDER_FORTY,12832
87862,25000,MORTGAGE,86302,23.64,0.1114,0,0,OVER_FORTY,10154
89610,23850,RENT,54000,25.62,0.1905,0,1,OVER_FORTY,4827
82281,7000,MORTGAGE,90000,5.83,0.1531,0,0,UNDER_FORTY,8387
91753,2500,MORTGAGE,116000,23.95,0.21,0,0,UNDER_FORTY,9820
87376,10000,RENT,75000,12.49,0.1114,0,0,UNDER_FORTY,9483
90165,5000,RENT,45000,9.35,0.079,0,0,UNDER_FORTY,6533
76719,10000,RENT,40000,16.47,0.1825,0,1,UNDER_FORTY,7049
109108,14000,RENT,180000,16.96,0.089,0,0,UNDER_FORTY,10885
82591,5000,MORTGAGE,50000,34.16,0.1905,0,0,UNDER_FORTY,11889
98294,6200,MORTGAGE,62000,18.89,0.1016,0,0,UNDER_FORTY,8387
83478,12000,RENT,50000,2.66,0.1212,0,0,OVER_FORTY,6441
108096,18000,RENT,65000,22.31,0.1016,0,0,UNDER_FORTY,14933
72605,10000,RENT,40000,24.63,0.1952,0,0,UNDER_FORTY,9118
92029,6625,RENT,35000,25.51,0.158,0,0,UNDER_FORTY,5011
102007,15000,RENT,60000,15.4,0.1212,0,0,OVER_FORTY,8237
104128,12000,OWN,53294,20.24,0.1433,0,0,UNDER_FORTY,8298
85235,18000,MORTGAGE,42000,11.95,0.1114,0,0,UNDER_FORTY,6014
102962,24000,RENT,67500,15.94,0.1433,1,0,OVER_FORTY,7079
75689,8000,RENT,65000,10.91,0.2031,0,0,UNDER_FORTY,9698
77655,5000,MORTGAGE,57660,25.64,0.1825,0,0,UNDER_FORTY,8936
81198,11000,RENT,110000,4.49,0.1875,0,0,UNDER_FORTY,5892
76247,35000,MORTGAGE,230000,15.22,0.1756,0,0,UNDER_FORTY,6926
90281,11625,MORTGAGE,127000,8.46,0.089,0,0,UNDER_FORTY,9149
84352,10000,MORTGAGE,72000,7.8,0.1016,0,1,UNDER_FORTY,7475
79970,18600,MORTGAGE,83000,15.28,0.1678,0,0,UNDER_FORTY,6592
80796,34475,MORTGAGE,90000,7.17,0.158,0,1,UNDER_FORTY,8237
88569,7000,MORTGAGE,60000,28,0.1212,0,0,UNDER_FORTY,9302
73089,14200,RENT,54000,13.47,0.1433,0,0,UNDER_FORTY,6167
76215,17000,OWN,75000,10.64,0.0662,0,0,OVER_FORTY,9848
92709,10000,RENT,32000,26.51,0.1409,0,1,UNDER_FORTY,8387
89797,4000,RENT,50000,15.31,0.1409,1,0,OVER_FORTY,8084
107760,22750,MORTGAGE,59000,18.74,0.1114,0,0,OVER_FORTY,7597
91135,6650,MORTGAGE,25000,10.32,0.0762,0,0,UNDER_FORTY,15327
94254,4700,MORTGAGE,87500,13.76,0.1114,0,0,UNDER_FORTY,8967
105976,12000,RENT,120000,7.06,0.1433,0,0,UNDER_FORTY,4431
93110,13000,RENT,60000,4.21,0.1016,0,0,OVER_FORTY,9424
76780,5000,MORTGAGE,76000,15.65,0.1155,0,0,OVER_FORTY,7597
107159,20000,RENT,125000,23.7,0.089,0,0,OVER_FORTY,5192
97392,10000,RENT,30000,14.68,0.158,1,0,UNDER_FORTY,8632
71400,3000,MORTGAGE,32000,4.88,0.0971,0,0,UNDER_FORTY,5465
108775,14675,RENT,43680,24.34,0.1629,0,0,UNDER_FORTY,6714
78684,5375,RENT,19200,27.81,0.0971,0,0,UNDER_FORTY,7506
70554,12375,RENT,35500,11.86,0.1155,0,0,UNDER_FORTY,17429
107806,20000,RENT,80000,19.19,0.1212,0,0,UNDER_FORTY,6745
90743,12000,RENT,65000,24.04,0.1777,0,1,UNDER_FORTY,5557
104024,10000,RENT,110000,14.42,0.1114,0,0,OVER_FORTY,7810
97973,15600,RENT,45000,19.89,0.1212,0,0,UNDER_FORTY,7933
80638,9000,MORTGAGE,87000,27.97,0.1311,0,0,OVER_FORTY,10154
76608,20000,RENT,48792,13.28,0.1885,0,0,UNDER_FORTY,12923
80994,21000,MORTGAGE,109000,19.61,0.1114,0,0,UNDER_FORTY,6380
80658,4200,RENT,120000,12.02,0.158,0,0,OVER_FORTY,10579
71234,18550,RENT,42000,25.91,0.1305,0,0,UNDER_FORTY,5041
88293,12000,MORTGAGE,75000,12,0.1212,0,0,UNDER_FORTY,6714
96503,12000,MORTGAGE,75000,19.2,0.1016,0,0,UNDER_FORTY,7810
112190,5000,MORTGAGE,45000,20.69,0.158,0,1,OVER_FORTY,12681
88316,4575,RENT,33000,10.84,0.1777,0,1,UNDER_FORTY,5131
79226,14500,RENT,47500,10.23,0.1155,0,0,UNDER_FORTY,5618
98072,2650,MORTGAGE,68400,23.67,0.158,0,0,UNDER_FORTY,8418
100580,3500,MORTGAGE,160000,10.49,0.1875,0,0,OVER_FORTY,9606
101034,3000,RENT,20000,2.04,0.1531,0,1,UNDER_FORTY,9058
103319,9800,MORTGAGE,54000,4.84,0.1016,0,0,UNDER_FORTY,6926
80354,14000,MORTGAGE,52000,26.31,0.1155,0,0,UNDER_FORTY,6411
70194,21025,RENT,117000,11.26,0.1155,0,0,UNDER_FORTY,8571
72105,3600,MORTGAGE,46551,8.91,0.0762,0,0,OVER_FORTY,11128
106671,11200,RENT,59780,24.01,0.1849,0,1,OVER_FORTY,8693
85557,10000,RENT,51000,18.31,0.1212,0,0,UNDER_FORTY,7506
102194,13750,OWN,52000,28.96,0.0662,0,0,OVER_FORTY,7902
75005,5375,RENT,54000,9.69,0.1885,0,0,UNDER_FORTY,4735
101962,10000,RENT,30000,16.44,0.1433,0,0,UNDER_FORTY,9271
82894,8500,RENT,56100,14.46,0.1409,0,0,UNDER_FORTY,6167
109417,20000,MORTGAGE,100785.39,13.06,0.1114,0,0,OVER_FORTY,9879
110313,20000,MORTGAGE,74000,13.57,0.1212,0,0,UNDER_FORTY,10428
94149,10000,MORTGAGE,50000,19.08,0.1114,0,0,UNDER_FORTY,9789
100979,24000,MORTGAGE,180000,9.34,0.0662,0,0,UNDER_FORTY,7291
78886,9000,RENT,71657.52,17.42,0.1368,0,0,UNDER_FORTY,7536
99108,24000,MORTGAGE,72000,17.55,0.0762,0,0,UNDER_FORTY,12132
107567,10000,RENT,41000,30.12,0.1875,0,0,OVER_FORTY,11432
82093,13500,MORTGAGE,81900,13.74,0.1114,0,0,UNDER_FORTY,6502
78965,18000,MORTGAGE,75000,13.49,0.1235,0,0,OVER_FORTY,7232
82048,3725,MORTGAGE,70000,16.22,0.1212,0,0,UNDER_FORTY,6288
97997,21850,MORTGAGE,50000,24.89,0.1531,0,0,OVER_FORTY,7536
100468,12000,OWN,40000,16.77,0.1727,0,0,UNDER_FORTY,12832
99402,12000,MORTGAGE,75000,27.47,0.0762,0,0,UNDER_FORTY,8114
73340,25000,RENT,110000,5.51,0.089,0,0,UNDER_FORTY,4735
88745,12000,OWN,120000,12.92,0.0662,0,0,OVER_FORTY,9879
101263,35000,MORTGAGE,88000,22.54,0.1629,0,0,OVER_FORTY,15876
73390,6000,MORTGAGE,83100,10.97,0.1064,0,0,OVER_FORTY,10032
72918,15000,OWN,60000,21.54,0.1368,0,0,UNDER_FORTY,6045
90151,12000,MORTGAGE,72000,7.47,0.089,0,1,UNDER_FORTY,9575
103010,15000,MORTGAGE,72000,14.8,0.1016,0,1,UNDER_FORTY,7202
101522,18000,RENT,71000,21.28,0.1212,0,0,UNDER_FORTY,11340
83599,14400,RENT,50000,22.27,0.1777,0,0,UNDER_FORTY,7353
71132,6075,RENT,22000,17.62,0.1522,0,0,UNDER_FORTY,5557
86884,19125,RENT,45000,23.04,0.1311,0,0,UNDER_FORTY,6411
90823,5250,RENT,19000,24.06,0.1777,0,1,UNDER_FORTY,5680
90809,7100,RENT,26631,4.55,0.1433,0,0,UNDER_FORTY,10519
96142,11500,OWN,34000,23.36,0.1016,0,0,UNDER_FORTY,12285
94142,9800,RENT,79000,8.26,0.1433,0,0,OVER_FORTY,7444
100475,20000,MORTGAGE,67000,20.44,0.1409,0,0,UNDER_FORTY,8479
111421,12000,RENT,82000,15.44,0.1433,0,0,OVER_FORTY,8175
83491,8975,MORTGAGE,41000,22.86,0.1972,0,0,UNDER_FORTY,7749
72340,4000,RENT,32500,16.76,0.1825,0,0,OVER_FORTY,7018
102094,5000,OWN,40000,2.64,0.21,0,0,UNDER_FORTY,3945
103892,15000,MORTGAGE,142000,5.95,0.1114,0,0,OVER_FORTY,7383
102973,10000,RENT,39500,30.71,0.1629,0,0,UNDER_FORTY,5618
72936,6000,MORTGAGE,40000,24.36,0.1368,0,0,OVER_FORTY,7902
69997,4200,RENT,52000,15.01,0.1064,0,0,UNDER_FORTY,7749
79965,18500,RENT,75000,17.07,0.1588,0,0,UNDER_FORTY,9180
74929,14600,RENT,59600,11.5,0.1235,0,0,OVER_FORTY,7597
79700,14000,RENT,58000,30.94,0.1305,0,0,UNDER_FORTY,7536
92202,12050,MORTGAGE,52000,13.34,0.1433,0,0,UNDER_FORTY,8814
76863,3000,RENT,40100,17.24,0.2115,0,1,UNDER_FORTY,13593
77878,10800,MORTGAGE,150000,9.08,0.1678,0,0,UNDER_FORTY,10244
86335,12000,MORTGAGE,101678,23.55,0.1114,0,0,OVER_FORTY,10702
71338,6000,MORTGAGE,28000,18.69,0.1522,0,0,UNDER_FORTY,4461
89848,9000,RENT,100000,8.99,0.158,0,0,UNDER_FORTY,5830
96374,18500,MORTGAGE,170000,22.19,0.1016,0,0,UNDER_FORTY,4735
107455,9175,MORTGAGE,28080,13.16,0.1114,0,0,UNDER_FORTY,11827
101713,8500,MORTGAGE,28000,22.06,0.158,0,1,UNDER_FORTY,6227
70744,5000,RENT,24000,13.29,0.1155,0,0,UNDER_FORTY,6684
96778,25000,MORTGAGE,100000,17.28,0.0762,0,0,OVER_FORTY,10975
69439,35000,MORTGAGE,81000,27.07,0.1678,0,0,OVER_FORTY,9820
71902,7500,RENT,95160,9.7,0.1235,0,0,UNDER_FORTY,7353
78632,24950,MORTGAGE,75000,8.45,0.0662,0,0,OVER_FORTY,9759
90900,3000,RENT,65000,5.41,0.1114,0,0,UNDER_FORTY,5861
86141,12500,MORTGAGE,80000,18.62,0.1212,0,0,UNDER_FORTY,8114
84312,25000,RENT,95000,19.31,0.0762,0,0,OVER_FORTY,7536
82898,14400,RENT,73000,5.08,0.1727,0,0,UNDER_FORTY,7079
104120,24500,MORTGAGE,90000,19.68,0.089,0,1,OVER_FORTY,12893
95888,16000,MORTGAGE,80000,6.05,0.1311,0,0,OVER_FORTY,6592
100370,10075,MORTGAGE,36136,10.47,0.1016,0,1,UNDER_FORTY,14719
86270,14400,MORTGAGE,146734,4.28,0.1531,0,0,UNDER_FORTY,8298
71076,12300,RENT,52000,18.05,0.1885,0,1,UNDER_FORTY,8571
99161,10000,MORTGAGE,56000,28.09,0.1849,0,0,UNDER_FORTY,8053
107113,6000,RENT,51000,27.48,0.1777,0,0,UNDER_FORTY,7749
78831,12000,RENT,97000,34.55,0.1756,0,0,UNDER_FORTY,8875
102041,6000,OWN,40932,5.69,0.158,0,0,UNDER_FORTY,7079
81883,8000,RENT,42000,20.66,0.1905,0,0,UNDER_FORTY,9606
109489,22000,RENT,77000,31.55,0.1409,0,1,UNDER_FORTY,13746
70055,10000,RENT,30000,16.05,0.1522,0,1,UNDER_FORTY,6106
107835,10750,RENT,90120,7.74,0.1849,0,0,UNDER_FORTY,6502
109466,18250,RENT,54700,7.48,0.1727,0,0,UNDER_FORTY,7444
87449,23350,OWN,65000,31.11,0.1531,0,0,OVER_FORTY,10824
103384,12000,MORTGAGE,86000,23.53,0.1311,0,0,OVER_FORTY,8267
84586,18000,MORTGAGE,100000,17.92,0.1016,0,0,UNDER_FORTY,16972
94154,12000,MORTGAGE,300000,4,0.0603,0,0,OVER_FORTY,13380
76341,20000,RENT,60000,9.22,0.1305,0,0,UNDER_FORTY,12801
103643,8875,MORTGAGE,41000,11.3,0.1409,0,0,UNDER_FORTY,7202
97649,15000,MORTGAGE,48000,3.43,0.1311,0,0,OVER_FORTY,8752
111214,10750,RENT,31500,10.9,0.1212,0,1,UNDER_FORTY,5527
100437,16000,MORTGAGE,110000,13.92,0.1311,0,0,OVER_FORTY,12193
99911,12000,RENT,57000,27.18,0.21,0,0,UNDER_FORTY,7291
100800,7500,RENT,56535.03,1.91,0.1433,0,0,OVER_FORTY,12770
111394,19000,RENT,53000,17.61,0.1777,0,1,UNDER_FORTY,7902
91449,21000,MORTGAGE,88758,22.88,0.089,0,0,OVER_FORTY,11401
102263,7500,MORTGAGE,60000,13.9,0.06,0,0,UNDER_FORTY,6653
70576,18000,MORTGAGE,95000,14.01,0.1305,0,0,OVER_FORTY,8875
70220,7000,MORTGAGE,55000,17.91,0.0971,0,0,OVER_FORTY,10944
85486,3600,RENT,39700,12.19,0.1849,0,1,UNDER_FORTY,7110
103819,8500,MORTGAGE,30000,24.24,0.1875,0,0,UNDER_FORTY,6561
106073,20000,MORTGAGE,248000,5.1,0.0603,0,0,OVER_FORTY,8387
88334,14400,OWN,40000,26.67,0.1629,0,0,UNDER_FORTY,7628
82196,20000,MORTGAGE,58000,23.26,0.079,0,0,UNDER_FORTY,8145
97330,20000,RENT,92000,13.28,0.0762,0,0,OVER_FORTY,7353
98680,25000,MORTGAGE,93000,12.76,0.1311,0,0,UNDER_FORTY,7841
82231,30000,MORTGAGE,70000,27.36,0.1727,0,0,UNDER_FORTY,7780
73229,16000,RENT,103000,23.66,0.1368,0,0,UNDER_FORTY,5072
84647,15000,RENT,36000,8.1,0.1016,0,0,UNDER_FORTY,11766
82208,10000,MORTGAGE,65000,10.41,0.1212,0,0,UNDER_FORTY,13015
84362,7150,MORTGAGE,59400,6.44,0.0603,0,0,UNDER_FORTY,7933
89784,29100,RENT,92000,13.06,0.2149,0,0,UNDER_FORTY,6957
94080,4500,RENT,35700,22.45,0.1905,0,1,UNDER_FORTY,8814
92897,15000,RENT,53000,11.4,0.1905,0,1,UNDER_FORTY,5100
73991,7500,MORTGAGE,47500,24.81,0.1235,0,0,UNDER_FORTY,9455
92034,28100,MORTGAGE,90000,23.08,0.0762,0,0,OVER_FORTY,11858
80380,17625,MORTGAGE,70000,27.39,0.0971,0,0,OVER_FORTY,5861
70908,4200,MORTGAGE,175000,21,0.1756,0,0,UNDER_FORTY,11889
72935,10575,MORTGAGE,150000,24.46,0.1155,0,0,OVER_FORTY,10641
99408,10000,MORTGAGE,92000,16.89,0.1777,0,0,OVER_FORTY,7536
89726,20000,MORTGAGE,70000,13.68,0.1212,0,0,UNDER_FORTY,8418
92421,20000,MORTGAGE,60265,13.5,0.0662,0,0,OVER_FORTY,9820
80771,27575,MORTGAGE,62000,18.04,0.089,0,0,OVER_FORTY,10975
96810,10625,RENT,40000,5.28,0.1849,0,0,UNDER_FORTY,5131
100555,18000,RENT,44500,12.94,0.1311,0,0,UNDER_FORTY,6684
98803,4800,RENT,50000,16.99,0.21,0,0,UNDER_FORTY,6319
93461,3600,RENT,40000,9.66,0.1212,0,0,UNDER_FORTY,9698
104692,7500,RENT,28000,26.27,0.1727,0,1,UNDER_FORTY,5830
102837,7000,MORTGAGE,62452,13.6,0.1433,0,0,UNDER_FORTY,5315
84897,14400,MORTGAGE,87000,25.16,0.079,0,0,OVER_FORTY,7018
96490,15000,MORTGAGE,68173.54,17.78,0.0762,0,0,OVER_FORTY,9271
105112,11325,MORTGAGE,34237,18.44,0.1849,0,1,UNDER_FORTY,7079
80160,12000,MORTGAGE,97000,7.38,0.0762,0,0,UNDER_FORTY,8175
73255,20000,MORTGAGE,85000,12.42,0.1368,0,0,OVER_FORTY,6472
100169,35000,MORTGAGE,116249,20.48,0.1311,0,0,OVER_FORTY,9698
83501,28000,MORTGAGE,175000,3.92,0.1114,0,0,UNDER_FORTY,8084
91436,19725,MORTGAGE,135000,13.44,0.1016,0,0,UNDER_FORTY,9759
80765,18000,OWN,112000,22.89,0.1212,0,0,UNDER_FORTY,6806
106695,4000,MORTGAGE,55000,16.25,0.1875,0,0,UNDER_FORTY,5892
110087,12000,RENT,85000,8.1,0.1433,0,0,UNDER_FORTY,6776
98739,17000,OWN,69000,26.35,0.1629,0,0,OVER_FORTY,9271
80552,4800,RENT,21000,10.86,0.1678,0,0,UNDER_FORTY,6623
108032,16000,RENT,100000,12.55,0.1114,0,0,UNDER_FORTY,4461
104256,5000,MORTGAGE,93000,19.99,0.1777,0,0,UNDER_FORTY,5345
87658,15000,RENT,39900,13.79,0.1629,0,0,UNDER_FORTY,9180
104112,2400,RENT,60000,8.86,0.1777,0,0,UNDER_FORTY,4431
78906,14000,MORTGAGE,73000,23.74,0.1433,0,1,OVER_FORTY,9210
78186,15000,RENT,53000,31.81,0.1952,0,1,UNDER_FORTY,7780
104743,7000,RENT,45000,18.61,0.21,0,1,UNDER_FORTY,4766
85220,9000,MORTGAGE,48000,24.7,0.1777,0,0,UNDER_FORTY,8267
115413,16000,RENT,60000,15.05,0.079,0,0,UNDER_FORTY,11309
88558,24000,MORTGAGE,75000,15.16,0.0762,0,0,UNDER_FORTY,8967
75761,32000,MORTGAGE,92000,27.25,0.1368,0,0,OVER_FORTY,17763
107848,12000,RENT,60000,19.76,0.1727,0,0,UNDER_FORTY,5465
82115,3725,MORTGAGE,50000,8.17,0.089,0,0,UNDER_FORTY,8844
93314,7000,RENT,26000,10.94,0.0603,0,0,UNDER_FORTY,10397
81030,1625,MORTGAGE,81000,11.78,0.1972,0,0,UNDER_FORTY,5861
70354,21000,MORTGAGE,145000,4.13,0.089,0,0,OVER_FORTY,6745
108504,15000,MORTGAGE,38000,12.32,0.1875,0,0,OVER_FORTY,6106
86860,15800,MORTGAGE,42000,18.11,0.1777,0,0,UNDER_FORTY,6136
85352,5250,MORTGAGE,70000,21.48,0.1727,0,1,UNDER_FORTY,5830
95774,9600,RENT,55000,15.75,0.1727,0,0,UNDER_FORTY,9759
104505,19750,RENT,70000,20.85,0.1849,0,1,OVER_FORTY,7841
92791,18000,RENT,70000,7.63,0.1212,0,0,UNDER_FORTY,8328
82626,10000,MORTGAGE,88000,13.18,0.1212,0,0,OVER_FORTY,16302
100851,12000,RENT,50000,29.98,0.1629,0,0,UNDER_FORTY,5527
113175,16000,RENT,60000,15.9,0.1905,0,0,UNDER_FORTY,7263
109163,5000,RENT,65000,17.02,0.1727,0,0,UNDER_FORTY,9210
71549,6000,MORTGAGE,48800,17.88,0.1368,0,0,UNDER_FORTY,4950
104833,9000,RENT,41000,8.07,0.158,0,1,UNDER_FORTY,6714
93264,6350,RENT,40000,16.86,0.1114,0,0,UNDER_FORTY,4492
83327,6075,MORTGAGE,60000,22.17,0.1016,0,0,UNDER_FORTY,11493
100854,28000,MORTGAGE,130000,14.92,0.1114,0,0,UNDER_FORTY,14596
85819,6200,RENT,60000,17.92,0.1311,0,0,UNDER_FORTY,7263
105657,5250,RENT,60000,26.72,0.158,0,1,OVER_FORTY,15876
95084,16000,RENT,42000,7.91,0.1114,0,0,UNDER_FORTY,7263
83425,5000,RENT,32000,0.56,0.1409,0,0,UNDER_FORTY,8905
73653,5000,RENT,65000,14.13,0.1825,0,0,UNDER_FORTY,4461
105318,8125,MORTGAGE,48630,4.66,0.1114,0,0,OVER_FORTY,11705
85715,8000,MORTGAGE,60000,22.26,0.1114,0,0,UNDER_FORTY,7810
75073,2400,RENT,58000,7.78,0.2031,0,0,UNDER_FORTY,4675
77108,3200,RENT,76000,17.46,0.1885,0,0,OVER_FORTY,8418
82252,5825,RENT,20108,29.18,0.1777,0,0,UNDER_FORTY,7506
83671,5000,MORTGAGE,44000,3.6,0.1016,0,0,OVER_FORTY,11889
81654,5000,RENT,33000,6.98,0.1777,0,0,UNDER_FORTY,5983
86605,10300,RENT,29500,26.44,0.1433,0,0,UNDER_FORTY,10244
106065,12000,MORTGAGE,65000,14.4,0.1777,0,1,OVER_FORTY,4735
113030,6975,MORTGAGE,96000,13.43,0.1433,0,0,OVER_FORTY,8693
100416,10000,MORTGAGE,80000,23.6,0.1629,0,0,UNDER_FORTY,8206
102903,5000,MORTGAGE,155000,8.08,0.1433,0,0,OVER_FORTY,7049
89441,6000,MORTGAGE,72000,13.33,0.1875,0,0,OVER_FORTY,11250
80645,7400,RENT,56323.67,13.85,0.1629,0,0,UNDER_FORTY,7079
86004,12500,MORTGAGE,55000,24.88,0.079,0,0,UNDER_FORTY,5618
84219,8000,OWN,73000,8.3,0.1114,0,0,OVER_FORTY,12650
72947,10000,MORTGAGE,40000,4.86,0.089,0,1,OVER_FORTY,7353
93022,5000,MORTGAGE,50000,3.1,0.1212,0,0,UNDER_FORTY,8237
81825,11700,RENT,65000,15.53,0.1433,0,0,UNDER_FORTY,7353
73063,16850,MORTGAGE,37474,26.48,0.1305,0,1,UNDER_FORTY,11128
75290,12000,MORTGAGE,95000,2.68,0.0603,0,0,OVER_FORTY,7749
91853,8500,RENT,50000,21.6,0.1972,0,0,UNDER_FORTY,7475
82294,18000,MORTGAGE,170000,7.85,0.1311,0,0,UNDER_FORTY,6837
72781,20000,MORTGAGE,103000,3.25,0.0762,0,0,OVER_FORTY,12681
94362,19500,MORTGAGE,150000,11.91,0.0662,0,0,UNDER_FORTY,7719
113097,14000,MORTGAGE,42000,12.49,0.1849,0,0,UNDER_FORTY,6745
89326,11700,RENT,35000,26.37,0.1409,0,1,UNDER_FORTY,6167
79231,5000,MORTGAGE,150000,6.75,0.1235,0,0,OVER_FORTY,6045
83050,22000,RENT,132962,16.35,0.0762,0,0,OVER_FORTY,10732
76003,10000,MORTGAGE,56000,18.95,0.1368,0,0,UNDER_FORTY,4980
105652,16000,OWN,52000,8.74,0.1212,0,0,UNDER_FORTY,7567
78981,4500,RENT,50000,23.18,0.208,0,0,UNDER_FORTY,5953
75025,12250,MORTGAGE,35000,13.27,0.1368,0,1,OVER_FORTY,7872
109001,20000,MORTGAGE,110000,3.58,0.089,0,0,OVER_FORTY,10519
93941,9750,OWN,30000,19.84,0.1016,0,0,OVER_FORTY,8905
99684,8000,MORTGAGE,70000,10.73,0.158,0,0,UNDER_FORTY,4675
86717,14000,MORTGAGE,46000,30.26,0.1531,0,0,UNDER_FORTY,9302
78102,4325,MORTGAGE,105000,7.78,0.1825,0,0,UNDER_FORTY,9089
87358,7125,RENT,65000,20.1,0.1777,0,0,UNDER_FORTY,7232
89365,8000,RENT,115600,4.55,0.158,0,0,OVER_FORTY,7383
100183,8000,MORTGAGE,105800,18.31,0.1875,0,0,UNDER_FORTY,7749
87404,12000,MORTGAGE,94800,3.88,0.1212,0,0,OVER_FORTY,16180
104761,4500,MORTGAGE,55000,23.02,0.1531,0,0,OVER_FORTY,13350
105842,10000,OWN,40000,8.49,0.1629,0,0,OVER_FORTY,6867
76308,7200,MORTGAGE,49000,13.25,0.0762,0,0,OVER_FORTY,9483
108121,6000,RENT,150000,19.92,0.1114,0,0,UNDER_FORTY,10305
98939,12000,MORTGAGE,52000,17.08,0.1409,0,0,UNDER_FORTY,9363
102881,23375,MORTGAGE,85000,12.58,0.1212,0,0,OVER_FORTY,7506
81680,21000,MORTGAGE,240000,9.71,0.0603,0,0,UNDER_FORTY,4522
84907,15000,MORTGAGE,103000,13.33,0.1727,0,0,UNDER_FORTY,6776
76755,15000,OWN,55000,18.41,0.1756,0,0,UNDER_FORTY,7414
110127,6900,RENT,61500,14.87,0.1016,0,0,UNDER_FORTY,7110
93406,16000,MORTGAGE,110000,3.12,0.1629,0,0,UNDER_FORTY,7657
87572,28000,MORTGAGE,102000,19.42,0.089,0,0,UNDER_FORTY,11827