id,loan_amnt,home_ownership,annual_inc,dti,int_rate,tax_liens,credit_age,age,loan_status,probability,score
77024,9000,RENT,26500.0,20.97,0.1588,0,9302,UNDER_FORTY,0,0.6762976427455215,1
102156,5875,OWN,25550.0,6.2,0.2328,0,7444,UNDER_FORTY,0,0.7363820218495134,1
108441,20000,MORTGAGE,75000.0,15.63,0.08900000000000001,0,8844,UNDER_FORTY,0,0.34502898440977803,0
104369,11500,MORTGAGE,51500.0,29.8,0.1409,0,7383,OVER_FORTY,0,0.564882788023392,0
85738,2500,MORTGAGE,23000.0,17.17,0.1629,0,10397,OVER_FORTY,0,0.6411794938199595,1
97904,2000,RENT,25000.0,29.86,0.1531,0,6653,UNDER_FORTY,0,0.6507955482340668,1
101967,7500,RENT,55740.0,12.96,0.1777,0,5345,UNDER_FORTY,1,0.5992638842700327,0
108411,5875,RENT,30000.0,18.12,0.1777,0,5223,UNDER_FORTY,0,0.6739410500875739,1
79532,12000,RENT,120000.0,14.43,0.1678,0,6957,UNDER_FORTY,1,0.5092124651023755,0
72113,7900,RENT,58000.0,21.74,0.1368,0,6196,UNDER_FORTY,0,0.5279759962596635,0
83693,20000,RENT,100000.0,4.82,0.0662,0,15907,UNDER_FORTY,0,0.23888412297753647,0
72805,2000,RENT,54000.0,7.86,0.1064,0,6196,UNDER_FORTY,0,0.3761424065843517,0
83796,5500,MORTGAGE,85000.0,9.23,0.1849,0,13288,UNDER_FORTY,0,0.5406268687308147,0
107763,11525,RENT,49500.0,10.88,0.158,0,6167,UNDER_FORTY,0,0.5788646939158489,0
76530,15000,RENT,45000.0,15.57,0.1155,0,7780,UNDER_FORTY,0,0.5028602165157372,0
87514,15000,RENT,95000.0,8.14,0.1433,0,8510,UNDER_FORTY,0,0.4718002009350282,0
87839,15000,RENT,98000.0,13.21,0.1311,0,5527,UNDER_FORTY,0,0.442401403752337,0
85685,5600,MORTGAGE,50000.0,13.56,0.1409,0,6623,OVER_FORTY,0,0.5032580758019966,0
102407,5375,RENT,45000.0,20.21,0.2049,0,9940,UNDER_FORTY,0,0.6922681961516078,1
95725,19750,MORTGAGE,44600.0,16.78,0.1016,0,7536,UNDER_FORTY,1,0.44700533901969397,0
88407,20000,MORTGAGE,120000.0,10.68,0.1531,0,5223,UNDER_FORTY,0,0.45110111427084215,0
83021,16000,RENT,75000.0,1.84,0.079,0,11797,UNDER_FORTY,0,0.29646062200643114,0
93380,28000,MORTGAGE,140000.0,18.63,0.0762,0,8449,UNDER_FORTY,0,0.2530765350948455,0
107098,24000,MORTGAGE,165000.0,9.64,0.08900000000000001,0,7841,UNDER_FORTY,0,0.25516121661476077,0
70495,4000,MORTGAGE,32205.0,16.36,0.1885,0,7383,OVER_FORTY,0,0.6582540811887407,1
70443,6000,RENT,40000.0,24.09,0.1522,1,7506,UNDER_FORTY,1,0.6149196971164284,0
104643,5725,MORTGAGE,55000.0,10.8,0.079,0,8022,OVER_FORTY,0,0.2999046858641931,0
104209,21000,MORTGAGE,128556.0,9.33,0.08900000000000001,0,10244,OVER_FORTY,0,0.2787778445872163,0
109016,32000,MORTGAGE,88000.0,15.0,0.08900000000000001,0,9514,UNDER_FORTY,0,0.33886136405554707,0
74321,20700,MORTGAGE,62000.0,14.32,0.08900000000000001,0,11309,UNDER_FORTY,0,0.36750405502120553,0
81821,21000,MORTGAGE,141000.0,16.12,0.08900000000000001,0,6319,UNDER_FORTY,0,0.27773623849199297,0
82734,12000,MORTGAGE,72000.0,23.6,0.158,0,7628,OVER_FORTY,0,0.5516060137043239,0
72804,24000,MORTGAGE,96000.0,26.64,0.0762,0,11220,UNDER_FORTY,0,0.307687702957395,0
103014,22625,MORTGAGE,99000.0,6.59,0.0662,0,8479,UNDER_FORTY,0,0.22126696578554492,0
103237,8400,RENT,34000.0,22.03,0.1433,0,4675,OVER_FORTY,0,0.6040794180293708,0
81374,15000,RENT,40000.0,16.17,0.1629,0,7322,OVER_FORTY,0,0.6371607389775724,1
100787,8725,MORTGAGE,32041.54,21.42,0.1114,0,8602,OVER_FORTY,0,0.5112597628032265,0
77884,10000,RENT,35000.0,26.67,0.1678,0,8724,UNDER_FORTY,0,0.6801539324187091,1
70521,18000,MORTGAGE,72000.0,8.8,0.1064,0,6867,UNDER_FORTY,0,0.3820092848262396,0
101146,8000,MORTGAGE,47000.0,32.19,0.1433,0,6776,UNDER_FORTY,0,0.5768575240564877,0
83348,6000,MORTGAGE,75000.0,12.74,0.158,1,8783,UNDER_FORTY,0,0.504989308943786,0
96135,10000,RENT,45000.0,10.61,0.1875,0,10124,UNDER_FORTY,0,0.6541484049064888,1
88739,5575,RENT,55000.0,6.79,0.158,0,5922,UNDER_FORTY,0,0.5355912896804925,0
105620,12000,RENT,70000.0,12.45,0.1311,0,8752,UNDER_FORTY,0,0.48256689280878107,0
79106,20000,OWN,71000.0,15.08,0.1235,0,7353,UNDER_FORTY,0,0.45477198076737824,0
84642,9225,MORTGAGE,35000.0,27.26,0.1114,0,7232,UNDER_FORTY,0,0.5149891407286497,0
107891,11100,RENT,33000.0,17.62,0.1433,0,7902,UNDER_FORTY,0,0.6122332171656087,0
81912,8000,MORTGAGE,65000.0,7.2,0.0762,0,7597,OVER_FORTY,1,0.272267124713881,0
110758,18825,MORTGAGE,42000.0,3.06,0.0603,0,13928,OVER_FORTY,0,0.26993812963121905,0
109135,21000,MORTGAGE,210000.0,12.35,0.0762,0,13593,OVER_FORTY,0,0.20748987525575152,0
70322,18000,MORTGAGE,40000.0,20.19,0.1885,0,7263,UNDER_FORTY,0,0.6800092078690929,1
82905,6000,MORTGAGE,67000.0,9.5,0.1531,0,6349,UNDER_FORTY,0,0.48849637671076873,0
106115,6800,RENT,75000.0,6.45,0.1114,0,6533,UNDER_FORTY,0,0.3824213594014274,0
75129,24000,RENT,75000.0,27.61,0.1235,0,6349,UNDER_FORTY,0,0.5072191369129521,0
81356,9200,MORTGAGE,120000.0,13.09,0.1727,0,5771,OVER_FORTY,0,0.4830414481266308,0
75201,5200,RENT,32000.0,20.48,0.1885,0,13989,UNDER_FORTY,0,0.7045568746610075,1
91804,10000,RENT,92000.0,7.19,0.1114,0,6288,OVER_FORTY,0,0.3705003712378562,0
80184,24250,MORTGAGE,54000.0,22.12,0.1235,0,7567,OVER_FORTY,0,0.5121256737967472,0
93703,6700,MORTGAGE,39000.0,14.49,0.1433,0,6319,UNDER_FORTY,0,0.5452997473825356,0
93059,12375,MORTGAGE,53840.0,17.41,0.1311,0,9180,OVER_FORTY,0,0.5063121223779027,0
107104,12000,MORTGAGE,92000.0,21.14,0.079,0,8145,UNDER_FORTY,0,0.28908921827848993,0
74686,6000,MORTGAGE,29000.0,28.92,0.1433,0,8114,OVER_FORTY,0,0.6193186724964349,0
76346,4950,RENT,17000.0,29.79,0.1368,0,6957,UNDER_FORTY,0,0.6776586750219806,1
70576,18000,MORTGAGE,95000.0,14.01,0.1305,0,8875,OVER_FORTY,0,0.43749986368886123,0
108857,6000,RENT,61000.0,26.61,0.1727,0,7018,OVER_FORTY,0,0.6133593468041909,0
107439,2500,RENT,27000.0,25.2,0.21,0,9149,UNDER_FORTY,1,0.7424936692788032,1
106487,20000,RENT,48000.0,22.83,0.1531,0,7597,OVER_FORTY,1,0.6203819461498948,0
92931,4450,OWN,22092.0,12.57,0.1212,0,7414,UNDER_FORTY,0,0.5401126509029628,0
110746,7200,RENT,55000.0,34.54,0.1433,0,5253,UNDER_FORTY,0,0.5797422586499964,0
102613,6075,RENT,57000.0,8.93,0.1972,0,12224,UNDER_FORTY,0,0.6327351362918672,1
71549,6000,MORTGAGE,48800.0,17.88,0.1368,0,4950,UNDER_FORTY,0,0.5038703854372045,0
98547,8875,MORTGAGE,27000.0,4.49,0.158,0,7780,UNDER_FORTY,0,0.6071381615592526,0
100791,13650,RENT,57000.0,5.96,0.1777,0,9058,UNDER_FORTY,0,0.6029925793729418,0
95581,20000,RENT,53000.0,24.72,0.1433,0,9210,OVER_FORTY,0,0.5944892599563654,0
73687,14000,RENT,84000.0,9.01,0.1235,0,6806,UNDER_FORTY,0,0.43030472295843547,0
90213,18000,MORTGAGE,118000.0,18.31,0.1016,0,8905,OVER_FORTY,0,0.3412997948933613,0
71777,8500,RENT,70000.0,9.91,0.1235,1,8602,UNDER_FORTY,0,0.4487684550354855,0
102501,17000,MORTGAGE,80000.0,18.65,0.0603,0,13928,OVER_FORTY,0,0.24178993396952203,0
106468,10000,MORTGAGE,110000.0,10.15,0.1212,0,6806,UNDER_FORTY,0,0.3658354686417963,0
94922,4000,RENT,56000.0,25.33,0.1849,0,9180,OVER_FORTY,0,0.6381178224856868,1
97554,9000,RENT,85000.0,5.11,0.1433,0,7171,UNDER_FORTY,0,0.4600555631120961,0
88079,11300,OWN,42960.0,20.47,0.1212,0,7657,OVER_FORTY,0,0.5080336223690929,0
90897,4200,OWN,50000.0,2.33,0.1212,0,8875,UNDER_FORTY,0,0.4174621447585178,0
73290,12000,RENT,36000.0,31.0,0.1885,0,5253,UNDER_FORTY,1,0.7202769417054697,1
89936,25000,RENT,90000.0,12.81,0.08900000000000001,0,11067,UNDER_FORTY,0,0.34809207584419133,0
111661,3000,RENT,18700.0,17.39,0.1972,0,6106,UNDER_FORTY,0,0.7390877528604508,1
79493,14000,RENT,75000.0,5.81,0.1235,0,7780,UNDER_FORTY,0,0.4373917375705628,0
106738,14000,MORTGAGE,37872.0,5.77,0.1114,0,7719,UNDER_FORTY,0,0.4594468983824241,0
74507,24000,MORTGAGE,59000.0,23.57,0.079,0,9514,OVER_FORTY,1,0.35983354897931713,0
106935,10600,MORTGAGE,60000.0,18.06,0.1875,0,6867,OVER_FORTY,0,0.6150274439542212,0
88008,20000,MORTGAGE,119000.0,10.03,0.1409,0,3976,UNDER_FORTY,0,0.41590983962849404,0
102397,6425,RENT,25000.0,27.79,0.158,0,4766,UNDER_FORTY,1,0.6784641018615576,1
76150,13575,MORTGAGE,85000.0,1.27,0.1064,0,8844,OVER_FORTY,0,0.34208593057834474,0
96074,10000,MORTGAGE,55000.0,11.99,0.1311,0,9333,OVER_FORTY,0,0.4835997864635043,0
90471,6000,MORTGAGE,60000.0,19.86,0.1212,0,8114,OVER_FORTY,0,0.4508452470580964,0
93055,4800,MORTGAGE,20000.0,16.24,0.079,0,8145,OVER_FORTY,0,0.4196732977651972,0
74029,22000,RENT,65000.0,25.66,0.1064,0,7475,OVER_FORTY,1,0.4675912406195606,0
105835,8000,RENT,78000.0,11.51,0.1016,0,7383,UNDER_FORTY,0,0.36727551321133345,0
68864,6950,MORTGAGE,89916.0,18.1,0.1885,0,5922,UNDER_FORTY,0,0.5568240993445553,0
98758,8575,RENT,40000.0,20.16,0.1905,0,9089,UNDER_FORTY,1,0.6894377574687548,1
89509,16450,RENT,37000.0,12.52,0.1311,0,8237,OVER_FORTY,0,0.565662951928171,0
110927,24000,MORTGAGE,80000.0,13.9,0.079,0,8752,OVER_FORTY,0,0.3030681985526403,0
102389,9975,MORTGAGE,67000.0,19.38,0.1531,0,9210,UNDER_FORTY,0,0.535751322967983,0
81576,28000,RENT,95000.0,29.27,0.1433,0,6898,UNDER_FORTY,0,0.5421574234775588,0
73246,8400,RENT,45000.0,7.65,0.1433,0,7383,UNDER_FORTY,0,0.5412539099100647,0
107282,18825,RENT,43000.0,18.67,0.1905,0,7049,OVER_FORTY,0,0.6926274944898753,1
85485,3000,MORTGAGE,60000.0,7.0,0.1777,0,6898,OVER_FORTY,0,0.5329195759647936,0
92702,5125,MORTGAGE,41600.0,17.05,0.1875,0,7597,OVER_FORTY,0,0.6368172750897315,1
105186,6250,RENT,22500.0,33.71,0.1629,0,6776,UNDER_FORTY,0,0.7169063361517385,1
101768,15600,OWN,80000.0,20.61,0.1016,0,7079,UNDER_FORTY,0,0.38242794997655555,0
77753,12000,MORTGAGE,60000.0,15.62,0.1433,0,9789,UNDER_FORTY,1,0.5207432234987635,0
95072,11325,MORTGAGE,34000.0,17.51,0.1212,0,7049,UNDER_FORTY,0,0.5263580131465466,0
103592,7000,RENT,41340.0,8.04,0.1311,0,9514,OVER_FORTY,0,0.5203649805445817,0
75540,28800,MORTGAGE,103000.0,17.08,0.0971,0,9210,OVER_FORTY,0,0.35078965547251306,0
99844,12000,MORTGAGE,45000.0,28.29,0.1311,0,5710,UNDER_FORTY,0,0.5477240820660807,0
88568,9500,RENT,70000.0,22.35,0.1972,0,6319,OVER_FORTY,0,0.6438699197316546,1
88613,4950,MORTGAGE,75000.0,9.04,0.1849,0,6926,UNDER_FORTY,0,0.5403317698132416,0
81601,24175,RENT,140000.0,14.85,0.1212,0,8387,OVER_FORTY,0,0.3981601095890037,0
90183,8000,RENT,80000.0,23.48,0.1727,0,11036,OVER_FORTY,0,0.5894978527603078,0
111521,30000,MORTGAGE,140000.0,10.47,0.1311,0,11889,UNDER_FORTY,0,0.4031900957832371,0
94429,11475,MORTGAGE,49463.0,9.8,0.1875,0,7780,OVER_FORTY,0,0.6196420047520403,0
88779,21000,MORTGAGE,95000.0,16.97,0.1212,0,9180,UNDER_FORTY,0,0.4244194373900018,0
98010,21200,OWN,60000.0,23.68,0.1114,0,10397,UNDER_FORTY,0,0.4699377789093634,0
107126,10000,RENT,75000.0,21.34,0.1433,0,7049,UNDER_FORTY,0,0.5216253007252821,0
85588,15000,MORTGAGE,70000.0,23.97,0.1212,0,8206,UNDER_FORTY,0,0.46829684462665094,0
99292,10625,RENT,32000.0,12.19,0.1531,0,9363,UNDER_FORTY,0,0.6261820281538065,1
107932,20000,MORTGAGE,302000.0,10.42,0.1777,0,12650,UNDER_FORTY,0,0.4124899866284876,0
79722,4800,RENT,63000.0,6.11,0.2115,0,7780,UNDER_FORTY,0,0.6262541696423481,1
84349,10000,RENT,60000.0,9.98,0.1016,0,6561,UNDER_FORTY,0,0.3964457057091188,0
84253,10000,MORTGAGE,100000.0,4.25,0.1311,0,6472,OVER_FORTY,0,0.38660551599360343,0
78651,14600,RENT,65000.0,4.84,0.1756,0,7688,UNDER_FORTY,1,0.5794570800784556,0
95292,2300,MORTGAGE,45000.0,19.44,0.1777,0,10975,OVER_FORTY,0,0.6010942522264103,0
71737,13000,MORTGAGE,56000.0,17.4,0.1064,0,9514,OVER_FORTY,0,0.43080815282800455,0
74803,6250,MORTGAGE,100000.0,27.63,0.1825,0,6653,UNDER_FORTY,0,0.5571405392001442,0
111494,3000,RENT,41600.0,25.33,0.1727,0,7141,OVER_FORTY,0,0.6357506399061251,1
80352,22000,RENT,61000.0,6.41,0.0762,0,13166,OVER_FORTY,1,0.3269083775786912,0
90751,8000,RENT,30000.0,27.4,0.1531,0,5072,OVER_FORTY,0,0.6541777619808495,1
82695,21625,RENT,62000.0,24.75,0.1409,0,13563,UNDER_FORTY,0,0.5794124965799607,0
104925,5000,MORTGAGE,75000.0,25.97,0.158,0,7291,OVER_FORTY,0,0.5291033713100465,0
82948,20800,RENT,96344.0,11.56,0.0662,0,7933,UNDER_FORTY,0,0.24711580083343326,0
106962,17000,RENT,50000.0,12.27,0.1311,0,7567,OVER_FORTY,0,0.5287934701350182,0
87258,12100,MORTGAGE,71400.0,5.63,0.1727,0,6502,OVER_FORTY,0,0.5340024969244824,0
85168,30000,MORTGAGE,220000.0,5.04,0.08900000000000001,0,9394,UNDER_FORTY,0,0.2276770638106809,0
103912,10000,MORTGAGE,50000.0,17.47,0.1777,0,8114,OVER_FORTY,0,0.6162473974006663,0
105257,13200,RENT,45000.0,21.12,0.1972,0,6837,OVER_FORTY,1,0.696415946618569,1
82206,14400,RENT,96000.0,16.38,0.1777,0,10185,UNDER_FORTY,0,0.5738171798535184,0
77995,8000,MORTGAGE,60000.0,29.66,0.1885,0,8967,UNDER_FORTY,0,0.6439208396954639,1
96701,16000,RENT,50000.0,9.84,0.1016,1,9089,OVER_FORTY,0,0.43874303439220813,0
100104,17000,OWN,90000.0,5.52,0.1114,0,6776,UNDER_FORTY,0,0.3620456291225427,0
111425,11800,MORTGAGE,34872.0,11.15,0.1433,0,7049,UNDER_FORTY,0,0.5663908472136803,0
69494,28000,MORTGAGE,90000.0,24.34,0.1368,0,6441,UNDER_FORTY,0,0.4945861291904395,0
93967,20000,OWN,50000.0,15.77,0.0662,0,10275,UNDER_FORTY,0,0.3032512505971856,0
105355,16000,RENT,63000.0,15.35,0.1849,2,8084,UNDER_FORTY,1,0.6389005682788592,1
80017,8575,MORTGAGE,51000.0,20.61,0.1522,0,11554,OVER_FORTY,0,0.5691599426996137,0
103136,35000,RENT,140000.0,16.74,0.1777,0,10336,UNDER_FORTY,0,0.5542154793150929,0
87962,2200,RENT,33280.0,3.97,0.1972,0,5376,UNDER_FORTY,0,0.6405390955125568,1
107242,24000,MORTGAGE,140000.0,22.1,0.08900000000000001,0,9545,UNDER_FORTY,0,0.30095402557206685,0
87807,7200,OWN,30000.0,8.8,0.158,0,6472,UNDER_FORTY,0,0.5977960855985083,0
82447,10000,MORTGAGE,62000.0,20.23,0.1311,0,7322,UNDER_FORTY,0,0.4873690386480605,0
106054,20000,MORTGAGE,91000.0,11.34,0.079,0,6502,OVER_FORTY,0,0.2762349315403927,0
91266,18000,MORTGAGE,125000.0,15.37,0.1875,0,14323,OVER_FORTY,0,0.5497474035831936,0
81971,13200,RENT,70000.0,10.39,0.0762,0,6533,OVER_FORTY,0,0.29940596066956376,0
78897,8000,MORTGAGE,55000.0,27.8,0.1235,0,7780,UNDER_FORTY,0,0.4962556310839984,0
72296,15000,RENT,49000.0,15.67,0.1522,0,7688,UNDER_FORTY,0,0.5901838230751694,0
102510,10700,RENT,52000.0,9.35,0.1849,0,10944,OVER_FORTY,0,0.6332960673630297,1
83249,13000,RENT,60000.0,29.72,0.1875,0,8206,UNDER_FORTY,0,0.6729201269372833,1
92761,11500,RENT,35000.0,32.28,0.1905,0,6502,UNDER_FORTY,0,0.7311199443628004,1
94546,18000,MORTGAGE,150000.0,7.4,0.1114,0,8175,UNDER_FORTY,0,0.316560327763592,0
90839,17000,MORTGAGE,148500.0,9.14,0.1016,0,8967,OVER_FORTY,0,0.29469642482764646,0
86896,10000,RENT,41600.0,4.93,0.1629,0,6533,OVER_FORTY,0,0.5914777547620602,0
83268,20000,MORTGAGE,44900.0,11.84,0.0762,0,6806,OVER_FORTY,0,0.3393532148561774,0
111239,20000,RENT,90000.0,29.78,0.1212,0,12742,UNDER_FORTY,0,0.49260503789832444,0
96538,6000,RENT,26000.0,16.71,0.158,0,5011,UNDER_FORTY,0,0.6464618807722776,1
80984,7750,RENT,43000.0,11.05,0.1433,0,6075,UNDER_FORTY,0,0.5501568046361246,0
88924,2400,RENT,16000.0,11.7,0.1875,0,4188,UNDER_FORTY,0,0.7160379358775798,1
70524,25375,RENT,142197.0,3.35,0.1588,0,9302,OVER_FORTY,0,0.4638116934129405,0
97070,5000,MORTGAGE,32000.0,29.4,0.1311,0,12893,UNDER_FORTY,0,0.5821690223895932,0
78013,15000,MORTGAGE,190000.0,10.41,0.1952,0,7749,UNDER_FORTY,0,0.48582648470485135,0
71076,12300,RENT,52000.0,18.05,0.1885,0,8571,UNDER_FORTY,1,0.6609861314066213,1
86942,4300,MORTGAGE,59000.0,23.04,0.1849,0,8084,OVER_FORTY,1,0.6046556356935266,0
103205,9500,OWN,63000.0,14.06,0.1433,0,10001,OVER_FORTY,0,0.50482747170624,0
91278,35000,RENT,110000.0,7.14,0.1905,0,7749,OVER_FORTY,1,0.577464338911366,0
75031,5200,RENT,75000.0,12.02,0.079,0,7475,UNDER_FORTY,0,0.28766461976276925,0
71033,10000,OWN,45000.0,6.9,0.1678,0,5557,UNDER_FORTY,0,0.5732950398619824,0
85077,6000,MORTGAGE,85000.0,7.72,0.1311,0,5496,OVER_FORTY,0,0.3982147883620175,0
102769,24475,MORTGAGE,120000.0,13.95,0.1212,0,7872,UNDER_FORTY,0,0.3908530119030319,0
79287,4000,RENT,60000.0,9.94,0.1952,0,12801,OVER_FORTY,0,0.6162079485363406,0
106721,4000,MORTGAGE,144000.0,10.66,0.0662,0,12862,OVER_FORTY,0,0.17543446556687103,0
104277,9000,MORTGAGE,94000.0,18.27,0.1114,0,7780,UNDER_FORTY,1,0.3760888526552355,0
71610,10000,MORTGAGE,80000.0,14.82,0.1235,0,7475,UNDER_FORTY,0,0.4221100033951833,0
69526,10000,OWN,34000.0,14.4,0.1305,0,12377,OVER_FORTY,0,0.550800140789448,0
110097,14000,RENT,40000.0,18.87,0.1114,0,6411,UNDER_FORTY,0,0.5079122121565031,0
100261,10000,MORTGAGE,140400.0,22.01,0.1849,0,8084,UNDER_FORTY,0,0.5227035405074403,0
112583,11500,RENT,75000.0,10.24,0.158,0,4950,UNDER_FORTY,0,0.5241997330387788,0
88248,6000,MORTGAGE,115000.0,11.75,0.079,0,8752,OVER_FORTY,0,0.23549922656002084,0
111138,2475,MORTGAGE,76800.0,26.25,0.2198,0,7994,OVER_FORTY,0,0.63233824215754,1
99158,12000,MORTGAGE,90000.0,27.27,0.0603,0,7567,OVER_FORTY,0,0.23383948703737872,0
100326,10200,RENT,37000.0,8.21,0.1531,0,6988,UNDER_FORTY,0,0.5932922045553805,0
101687,12000,RENT,75000.0,4.85,0.1114,0,5771,UNDER_FORTY,0,0.39055765844105433,0
88810,9600,MORTGAGE,115000.0,17.15,0.1016,0,7657,UNDER_FORTY,0,0.3238399033741249,0
83648,11325,MORTGAGE,42000.0,11.54,0.1114,0,7841,OVER_FORTY,0,0.4574777933226789,0
79867,8000,MORTGAGE,65000.0,17.02,0.1368,0,8267,OVER_FORTY,0,0.4844228589531695,0
105666,10000,MORTGAGE,136900.0,5.57,0.1433,0,12255,OVER_FORTY,0,0.395840783020672,0
102957,8875,OWN,45000.0,20.53,0.1972,0,5983,UNDER_FORTY,1,0.6638946454233944,1
85425,14400,RENT,125000.0,12.8,0.1433,0,6288,UNDER_FORTY,0,0.4453940425537832,0
90950,15000,MORTGAGE,65000.0,5.22,0.08900000000000001,0,11889,UNDER_FORTY,0,0.332803206265276,0
72208,16250,MORTGAGE,44000.0,13.39,0.1064,0,6319,UNDER_FORTY,0,0.4468770316441195,0
76780,5000,MORTGAGE,76000.0,15.65,0.1155,0,7597,OVER_FORTY,0,0.3899074720252595,0
111225,8000,MORTGAGE,42000.0,20.46,0.1629,0,5649,UNDER_FORTY,0,0.6009598909807163,0
100360,6000,RENT,28800.0,12.75,0.1311,0,13685,UNDER_FORTY,0,0.5781316805985275,0
83070,15600,RENT,70000.0,22.37,0.1016,0,6926,UNDER_FORTY,0,0.4238265324029716,0
105778,24000,OWN,83000.0,20.75,0.1114,0,12620,UNDER_FORTY,0,0.43055609083017654,0
87113,35000,MORTGAGE,240000.0,18.64,0.21,0,8632,OVER_FORTY,1,0.5333552986168784,0
87868,4100,MORTGAGE,65000.0,17.06,0.0762,0,7291,OVER_FORTY,0,0.2788502172114774,0
96111,2225,MORTGAGE,9900.0,16.48,0.2149,0,13716,UNDER_FORTY,0,0.8028649879390286,1
98256,9600,MORTGAGE,54000.0,20.93,0.1212,0,7475,UNDER_FORTY,0,0.4772549043613817,0
84211,13200,OWN,36000.0,28.49,0.1777,0,6349,OVER_FORTY,1,0.681835841584239,1
89899,8250,MORTGAGE,157000.0,7.01,0.1016,0,19010,OVER_FORTY,0,0.2798764298029102,0
97726,8000,OWN,53000.0,15.85,0.1311,0,6349,OVER_FORTY,0,0.48554441226736017,0
81463,4000,MORTGAGE,33600.0,10.39,0.0662,0,15633,UNDER_FORTY,0,0.3009413606561302,0
87537,15500,MORTGAGE,80000.0,17.18,0.1114,0,9940,UNDER_FORTY,0,0.40970816031684554,0
105443,16750,RENT,45000.0,27.81,0.158,0,7810,UNDER_FORTY,0,0.6468916089852733,1
111422,8875,RENT,34000.0,23.22,0.1875,0,6592,UNDER_FORTY,0,0.7035747065559498,1
79408,5500,RENT,20000.0,9.15,0.1756,0,5131,UNDER_FORTY,0,0.6889568195097914,1
88824,5000,MORTGAGE,70000.0,12.57,0.1531,0,6957,OVER_FORTY,0,0.48843498702615346,0
82756,12000,RENT,37000.0,32.11,0.1114,0,7810,UNDER_FORTY,0,0.5525745884594195,0
88778,8000,MORTGAGE,56000.0,9.9,0.1905,0,9848,OVER_FORTY,0,0.6065266228275493,0
84219,8000,OWN,73000.0,8.3,0.1114,0,12650,OVER_FORTY,0,0.38423457187049587,0
108315,20000,RENT,90900.0,8.7,0.079,0,13472,UNDER_FORTY,0,0.2999663507731971,0
108426,8000,OWN,120000.0,14.47,0.1433,0,13166,UNDER_FORTY,0,0.4300522637535339,0
111140,15000,RENT,41500.0,33.37,0.1409,0,5983,UNDER_FORTY,0,0.6240730697072401,1
75040,15000,RENT,67000.0,15.74,0.0971,0,13319,UNDER_FORTY,0,0.40678636632151055,0
96932,8000,MORTGAGE,45000.0,28.61,0.1016,0,11432,OVER_FORTY,0,0.4614790094718098,0
84980,12000,MORTGAGE,98000.0,4.26,0.1311,0,7353,UNDER_FORTY,0,0.395787241816174,0
110764,10000,MORTGAGE,65000.0,11.0,0.1629,0,10397,OVER_FORTY,0,0.5415359361663824,0
107386,14400,MORTGAGE,77287.0,16.3,0.1311,0,9424,UNDER_FORTY,0,0.46480993854734104,0
79454,9200,RENT,36384.0,15.27,0.1368,0,6806,UNDER_FORTY,0,0.5712191473751608,0
84444,28000,RENT,85000.0,17.21,0.1727,0,7049,UNDER_FORTY,0,0.5905064796817123,0
110162,3250,RENT,37000.0,9.5,0.1905,0,7933,UNDER_FORTY,0,0.6467118943387162,1
101865,6000,RENT,103000.0,11.71,0.1875,0,6592,OVER_FORTY,0,0.5420919522048693,0
88327,18000,MORTGAGE,70000.0,19.99,0.1016,0,6776,OVER_FORTY,0,0.39885131982623206,0
110072,6000,MORTGAGE,150000.0,6.02,0.08900000000000001,0,8663,UNDER_FORTY,0,0.23032665990674195,0
102299,14400,MORTGAGE,109000.0,1.72,0.0762,0,4858,UNDER_FORTY,0,0.221158668670062,0
109980,6725,MORTGAGE,55000.0,18.73,0.1114,0,7780,OVER_FORTY,0,0.43120087276072466,0
107725,5000,MORTGAGE,40000.0,3.48,0.158,0,6533,UNDER_FORTY,0,0.5406177206415557,0
97453,24000,MORTGAGE,80000.0,11.89,0.08900000000000001,0,8114,OVER_FORTY,0,0.33197500513658307,0
70660,5000,RENT,65000.0,12.33,0.1885,0,9971,UNDER_FORTY,0,0.6019601785642579,0
81602,3000,RENT,80000.0,11.85,0.1905,0,11950,OVER_FORTY,0,0.5705440453601867,0
70485,10625,RENT,32000.0,22.65,0.1235,0,7567,OVER_FORTY,0,0.5759669632931979,0
88816,6000,MORTGAGE,63000.0,1.92,0.1016,0,6288,UNDER_FORTY,0,0.3362246228533058,0
91155,13000,MORTGAGE,65000.0,19.92,0.1311,0,6926,UNDER_FORTY,0,0.4869031629030521,0
103864,12000,MORTGAGE,85000.0,23.52,0.08900000000000001,0,6075,UNDER_FORTY,0,0.33256392013025915,0
77496,15000,MORTGAGE,78000.0,13.27,0.0603,0,10763,OVER_FORTY,0,0.2276403050937815,0
80193,6000,MORTGAGE,80000.0,4.82,0.1064,0,7322,OVER_FORTY,0,0.33457363421601594,0
73584,32000,MORTGAGE,85000.0,22.01,0.1522,0,8814,UNDER_FORTY,0,0.5427725709903968,0
74669,12000,MORTGAGE,105000.0,2.72,0.0762,0,15603,OVER_FORTY,0,0.2378159044232026,0
71128,12000,MORTGAGE,73000.0,4.62,0.0762,0,8844,UNDER_FORTY,0,0.26656514291411004,0
108205,14100,RENT,70000.0,22.73,0.1777,0,8237,UNDER_FORTY,1,0.6223387142458923,1
104529,13100,MORTGAGE,50000.0,25.94,0.1777,0,9514,OVER_FORTY,1,0.6471483465589856,1
101498,10000,OWN,80500.0,14.64,0.1311,0,10975,OVER_FORTY,0,0.4485728891206126,0
111198,18000,RENT,91500.0,20.01,0.1629,0,6167,UNDER_FORTY,0,0.5541942965160601,0
107792,14000,MORTGAGE,92500.0,13.0,0.1114,0,7263,UNDER_FORTY,0,0.3743256173359912,0
75385,16000,MORTGAGE,61250.0,13.44,0.079,0,8145,UNDER_FORTY,0,0.3188366443318232,0
73495,4000,RENT,57000.0,12.69,0.1433,0,6745,UNDER_FORTY,0,0.5054246941755527,0
94814,6000,MORTGAGE,100000.0,14.41,0.1433,0,7567,OVER_FORTY,1,0.43375057388100535,0
81405,21000,MORTGAGE,225000.0,10.35,0.0603,0,8936,UNDER_FORTY,0,0.14983376091280054,0
88153,23350,RENT,65000.0,25.55,0.1905,0,7018,UNDER_FORTY,1,0.6711305853499123,1
93654,15000,RENT,72000.0,25.23,0.1311,0,8602,UNDER_FORTY,0,0.5196943613883515,0
98627,20000,RENT,74000.0,20.4,0.08900000000000001,0,9118,UNDER_FORTY,0,0.38003832755940875,0
94225,5600,RENT,50000.0,19.13,0.1777,0,7933,UNDER_FORTY,0,0.626908734534679,1
80717,5000,RENT,30000.0,17.27,0.1849,0,6227,UNDER_FORTY,0,0.6840266735520286,1
99328,10000,MORTGAGE,94000.0,13.03,0.0603,0,9575,OVER_FORTY,0,0.20340561489114484,0
109092,5000,RENT,19000.0,24.76,0.2328,0,6898,UNDER_FORTY,0,0.8082890277646665,1
105242,3600,MORTGAGE,47600.0,8.55,0.1531,0,7536,OVER_FORTY,0,0.5160776601007719,0
89631,3000,RENT,16000.0,24.6,0.1433,0,7749,OVER_FORTY,1,0.6761920282084464,1
83082,15000,OWN,40000.0,22.41,0.1777,0,6745,UNDER_FORTY,0,0.6601133636852011,1
93562,11500,MORTGAGE,50000.0,19.39,0.1311,0,7902,OVER_FORTY,0,0.5158271167110738,0
83399,9000,MORTGAGE,68000.0,16.07,0.079,0,8602,OVER_FORTY,0,0.3019828207297903,0
78341,5875,RENT,32500.0,15.06,0.1155,0,7506,UNDER_FORTY,0,0.5144962295402974,0
110789,8725,RENT,26054.81,31.5,0.1409,0,9848,OVER_FORTY,0,0.6652131762829204,1
75013,2000,MORTGAGE,50000.0,24.53,0.1235,0,9149,UNDER_FORTY,1,0.46460695748092695,0
88761,17625,MORTGAGE,60640.0,14.11,0.158,0,7810,UNDER_FORTY,1,0.5568435550778149,0
74082,4200,RENT,116860.0,16.72,0.1155,0,9241,OVER_FORTY,0,0.3648184042974145,0
87070,12000,RENT,58000.0,22.55,0.1849,0,6957,UNDER_FORTY,0,0.6496639079333361,1
108433,15000,OWN,48000.0,12.17,0.1727,0,7049,UNDER_FORTY,1,0.6048370001840172,0
83412,6000,RENT,80000.0,18.87,0.1849,0,7749,UNDER_FORTY,0,0.5885172133160991,0
91403,5550,RENT,32000.0,22.37,0.1905,0,4553,OVER_FORTY,1,0.696562763406972,1
84573,10625,RENT,32000.0,20.66,0.1311,0,9180,OVER_FORTY,0,0.5946547173194873,0
109592,25450,OWN,175000.0,14.67,0.1016,0,9606,UNDER_FORTY,0,0.3010272691257862,0
101274,24000,MORTGAGE,97000.0,15.34,0.1849,0,5100,UNDER_FORTY,0,0.5632837557599867,0
71078,20000,RENT,53000.0,26.65,0.1235,0,13624,OVER_FORTY,0,0.5547754327279595,0
110270,6000,RENT,40000.0,17.83,0.1409,0,7567,UNDER_FORTY,0,0.5680669090838661,0
108390,23050,MORTGAGE,150000.0,18.74,0.1114,0,8206,UNDER_FORTY,0,0.34996236556960125,0
103602,10600,MORTGAGE,90000.0,16.92,0.1311,0,14142,OVER_FORTY,1,0.44768733443381,0
93350,11700,OWN,51000.0,1.87,0.1016,0,7749,UNDER_FORTY,0,0.37911684295186404,0
108846,4800,MORTGAGE,90000.0,14.95,0.0662,0,9210,OVER_FORTY,0,0.21726908470571088,0
102836,1125,OWN,50000.0,11.64,0.1972,0,6898,UNDER_FORTY,0,0.580007777248863,0
104291,7000,MORTGAGE,60000.0,26.87,0.1905,0,7933,OVER_FORTY,0,0.6352663118265076,1
97164,7750,RENT,70000.0,2.01,0.1629,0,7171,OVER_FORTY,0,0.5174303405905715,0
78210,15000,MORTGAGE,82500.0,9.08,0.1235,0,9180,UNDER_FORTY,0,0.41750994700805516,0
94758,18325,MORTGAGE,50000.0,9.36,0.1212,0,8206,UNDER_FORTY,0,0.47388818487995615,0
98712,1800,MORTGAGE,101000.0,29.9,0.06,0,6561,UNDER_FORTY,0,0.19262141332366095,0
70134,6000,MORTGAGE,57000.0,19.18,0.1064,0,6745,UNDER_FORTY,0,0.40723419786386195,0
87152,2800,MORTGAGE,180000.0,6.74,0.1777,0,13624,OVER_FORTY,0,0.41282858701264225,0
96355,12000,MORTGAGE,115000.0,4.67,0.1212,0,12011,UNDER_FORTY,0,0.36119963005593253,0
101588,8400,MORTGAGE,38200.0,30.38,0.1433,0,8905,OVER_FORTY,0,0.6020639618508292,0
104840,26000,MORTGAGE,74000.0,26.76,0.1777,0,9514,OVER_FORTY,0,0.6229357527516877,1
87126,15000,MORTGAGE,70000.0,9.6,0.0662,0,7202,UNDER_FORTY,0,0.2467196095148555,0
90005,7750,RENT,32000.0,9.49,0.1016,0,5284,UNDER_FORTY,0,0.45781425498458667,0
95500,9600,MORTGAGE,40000.0,23.19,0.1114,0,8936,UNDER_FORTY,0,0.49291011480362484,0
110119,10000,MORTGAGE,54000.0,12.38,0.1114,0,7171,UNDER_FORTY,0,0.4253303235679653,0
89085,15250,MORTGAGE,48000.0,15.08,0.08900000000000001,0,7628,UNDER_FORTY,0,0.38364779682268285,0
87154,34475,MORTGAGE,86000.0,2.79,0.1409,0,6592,UNDER_FORTY,0,0.4579381692682049,0
77438,8000,MORTGAGE,70000.0,18.87,0.1368,0,9545,UNDER_FORTY,0,0.48325799330992214,0
74574,10400,MORTGAGE,69600.0,28.71,0.1235,0,10063,UNDER_FORTY,0,0.4824050513689614,0
89072,14400,MORTGAGE,55000.0,19.4,0.1433,0,8602,UNDER_FORTY,0,0.5438386309951311,0
75976,29100,MORTGAGE,65000.0,10.89,0.1235,0,9149,UNDER_FORTY,0,0.4678047329715575,0
99915,3500,MORTGAGE,16000.0,14.48,0.2149,0,8084,OVER_FORTY,0,0.7620025567348374,1
74908,12000,MORTGAGE,45000.0,23.84,0.1368,0,7749,OVER_FORTY,0,0.5562538738640118,0
102560,11500,RENT,153000.0,6.57,0.1311,0,9606,UNDER_FORTY,0,0.37653476801684355,0
71435,4500,OWN,42000.0,3.86,0.1368,0,6653,UNDER_FORTY,0,0.48121965650811205,0
83804,12000,MORTGAGE,54424.0,26.86,0.1212,0,8814,UNDER_FORTY,0,0.5014489818437655,0
73765,11625,MORTGAGE,34000.0,21.07,0.0971,0,8663,UNDER_FORTY,0,0.4637002343950054,0
109125,32000,MORTGAGE,112000.0,11.06,0.08900000000000001,0,13411,OVER_FORTY,0,0.30975904696585355,0
103347,30275,MORTGAGE,69273.0,18.97,0.2295,0,7841,UNDER_FORTY,0,0.7000526811201019,1
96654,15600,MORTGAGE,85000.0,16.4,0.1016,0,9118,OVER_FORTY,1,0.36920861074432276,0
76102,17500,MORTGAGE,63000.0,7.09,0.0662,0,7506,OVER_FORTY,0,0.2546742738837734,0
83193,15000,MORTGAGE,65000.0,11.0,0.1016,0,10305,UNDER_FORTY,0,0.3865239593247846,0
111689,8250,MORTGAGE,53089.52,33.9,0.1212,0,8997,UNDER_FORTY,1,0.5139439792882229,0
70734,16800,MORTGAGE,40000.0,18.38,0.0603,0,7291,OVER_FORTY,0,0.29651269038884226,0
86203,15000,RENT,53068.0,7.6,0.1409,0,9333,OVER_FORTY,0,0.5352068213057487,0
108832,3600,MORTGAGE,75719.74,14.22,0.1905,0,10550,OVER_FORTY,0,0.5635598101238849,0
72362,7250,MORTGAGE,43118.0,28.75,0.1064,0,8022,OVER_FORTY,0,0.47373851580672444,0
98901,10000,RENT,60000.0,10.16,0.1629,0,6745,OVER_FORTY,0,0.5633854248233475,0
73043,18000,MORTGAGE,185000.0,18.19,0.1155,0,8967,UNDER_FORTY,0,0.3329806066076114,0
78785,18000,MORTGAGE,184000.0,5.97,0.0971,0,11554,UNDER_FORTY,0,0.2597990549374444,0
93585,24500,MORTGAGE,61400.0,13.95,0.0603,0,10397,UNDER_FORTY,0,0.2591802310668952,0
104422,7550,MORTGAGE,40000.0,4.77,0.1433,0,10944,UNDER_FORTY,0,0.5290765937785765,0
88514,1400,RENT,30000.0,23.16,0.1875,0,6411,OVER_FORTY,0,0.6734097259860986,1
79753,20000,MORTGAGE,150000.0,2.65,0.0603,0,8479,UNDER_FORTY,0,0.16304974309220172,0
101154,5000,MORTGAGE,60000.0,17.72,0.1212,0,8449,OVER_FORTY,1,0.44098547712375613,0
69744,21000,MORTGAGE,116464.0,6.64,0.0603,0,13928,UNDER_FORTY,0,0.19306507370405743,0
82131,21200,MORTGAGE,60000.0,11.98,0.0662,0,7719,UNDER_FORTY,0,0.27394761001975826,0
93218,24000,MORTGAGE,120000.0,8.59,0.08900000000000001,0,7018,OVER_FORTY,0,0.2810924821545651,0
107737,10000,MORTGAGE,66000.0,7.4,0.1433,0,10519,UNDER_FORTY,1,0.4834261118643339,0
91885,15000,RENT,55000.0,4.04,0.1311,0,7291,UNDER_FORTY,0,0.49100640981210397,0
78611,8000,RENT,47000.0,24.15,0.21600000000000003,0,4127,UNDER_FORTY,0,0.7097429574019897,1
91203,29700,RENT,110000.0,14.53,0.1531,0,7414,UNDER_FORTY,0,0.5115031459892643,0
110726,18825,OWN,50000.0,5.69,0.1972,0,9210,UNDER_FORTY,0,0.6412004212945212,1
107575,17050,MORTGAGE,38000.0,18.54,0.1433,0,7049,OVER_FORTY,0,0.5856953843144164,0
96365,12000,MORTGAGE,50000.0,32.11,0.1212,0,7322,OVER_FORTY,0,0.5224694663269708,0
95917,9000,RENT,40000.0,24.72,0.1777,0,7171,UNDER_FORTY,0,0.6747412419853653,1
72200,12000,MORTGAGE,66000.0,13.76,0.079,0,6349,UNDER_FORTY,0,0.3014978569493701,0
99058,12000,RENT,68000.0,17.65,0.08900000000000001,0,8724,UNDER_FORTY,0,0.36888953365382793,0
95991,8000,RENT,50400.0,22.44,0.158,0,8632,UNDER_FORTY,0,0.603727952297087,0
111578,18225,MORTGAGE,48468.0,7.48,0.08900000000000001,1,8387,OVER_FORTY,0,0.3726185664738265,0
71544,20000,MORTGAGE,56000.0,20.57,0.1064,0,5465,UNDER_FORTY,0,0.44071286830514544,0
81735,15000,RENT,71000.0,11.98,0.1114,0,7872,UNDER_FORTY,0,0.42688283758383283,0
96731,5675,RENT,30000.0,22.6,0.158,0,8905,OVER_FORTY,0,0.6537364177901065,1
89332,10000,RENT,98000.0,19.33,0.1777,0,5131,UNDER_FORTY,1,0.5574431609187674,0
95847,11200,RENT,87000.0,13.09,0.1905,0,5131,UNDER_FORTY,1,0.583468317198649,0
84072,7000,RENT,120000.0,4.38,0.1629,0,5284,UNDER_FORTY,0,0.4515515637491767,0
88199,18000,MORTGAGE,92699.88,20.72,0.1016,0,8724,UNDER_FORTY,0,0.3733845937247297,0
107729,11000,RENT,40000.0,16.86,0.1114,0,15024,UNDER_FORTY,1,0.5114919091465179,0
102202,10000,MORTGAGE,139000.0,15.52,0.079,0,7657,OVER_FORTY,0,0.23473200548616494,0
98058,22000,RENT,50000.0,20.71,0.1212,0,17337,OVER_FORTY,0,0.5459320776405565,0
75795,10000,RENT,76000.0,18.17,0.1235,0,8693,UNDER_FORTY,0,0.46227104914944817,0
80058,16000,MORTGAGE,85000.0,28.88,0.1155,0,6623,UNDER_FORTY,0,0.4397354323360885,0
103346,6000,RENT,36000.0,21.1,0.1212,0,7079,OVER_FORTY,0,0.5351137832491296,0
90174,18000,RENT,95000.0,19.28,0.1409,0,9575,OVER_FORTY,1,0.5030835018657268,0
96915,9600,MORTGAGE,52000.0,17.88,0.1114,0,8783,UNDER_FORTY,0,0.4470601540096494,0
105920,20000,MORTGAGE,90000.0,21.63,0.08900000000000001,0,7628,UNDER_FORTY,0,0.3377829949473473,0
87769,6000,RENT,70000.0,27.67,0.1531,0,9028,OVER_FORTY,1,0.5616477645745898,0
112252,12000,MORTGAGE,37000.0,16.97,0.1212,0,10063,OVER_FORTY,0,0.522855224703347,0
103360,10500,MORTGAGE,30000.0,4.88,0.1212,0,7202,OVER_FORTY,0,0.5052254375857252,0
106335,15000,MORTGAGE,56000.0,16.95,0.08900000000000001,0,12071,UNDER_FORTY,0,0.3786033274852918,0
93430,3000,RENT,63000.0,11.66,0.1777,0,8449,UNDER_FORTY,0,0.5659033014879578,0
75239,20000,MORTGAGE,120000.0,30.91,0.1368,0,7872,UNDER_FORTY,0,0.4729028606616298,0
76125,24575,OWN,56000.0,14.64,0.1064,0,4950,UNDER_FORTY,0,0.42846863177074584,0
92605,5200,OWN,48000.0,12.73,0.1114,0,5437,UNDER_FORTY,1,0.4179588012278808,0
99139,10000,MORTGAGE,62000.0,0.43,0.0603,0,6926,UNDER_FORTY,1,0.2095165184423577,0
98592,15000,MORTGAGE,112000.0,21.6,0.1114,0,11524,OVER_FORTY,0,0.38460567610384516,0
111817,18000,MORTGAGE,48000.0,21.13,0.1114,0,6957,OVER_FORTY,0,0.47784903267437534,0
110647,10325,MORTGAGE,72500.0,29.44,0.1114,0,10489,UNDER_FORTY,0,0.44420099858071926,0
72413,12375,RENT,60000.0,6.34,0.1235,0,7141,UNDER_FORTY,0,0.46031091527951246,0
106506,16450,RENT,49000.0,25.86,0.1727,0,10185,OVER_FORTY,1,0.6665825723559763,1
94199,30000,MORTGAGE,84000.0,13.16,0.08900000000000001,0,9180,OVER_FORTY,0,0.33720300098914013,0
82211,4000,MORTGAGE,50000.0,7.1,0.1777,0,8602,UNDER_FORTY,0,0.5662889917076589,0
93202,10975,RENT,129000.0,9.87,0.1777,0,7994,UNDER_FORTY,0,0.509728590460576,0
94509,8400,RENT,90000.0,17.27,0.1114,0,8875,UNDER_FORTY,1,0.4005391282086809,0
73430,10000,RENT,31000.0,34.03,0.1433,0,5496,UNDER_FORTY,0,0.6519984616972684,1
92437,8000,MORTGAGE,80000.0,11.16,0.1777,0,6714,UNDER_FORTY,1,0.5357319166131107,0
79775,20000,OWN,49500.0,11.2,0.1588,0,9728,UNDER_FORTY,1,0.5818350606858519,0
76198,8000,RENT,41000.0,26.37,0.1235,0,7353,UNDER_FORTY,0,0.5489026397547396,0
77990,28000,MORTGAGE,100000.0,14.2,0.079,0,7263,OVER_FORTY,0,0.28234026544663077,0
111891,10000,RENT,55000.0,7.79,0.1531,0,5892,UNDER_FORTY,0,0.5422870334179996,0
102534,8575,RENT,26000.0,18.14,0.1212,0,6592,UNDER_FORTY,1,0.5735899603968245,0
110942,24000,MORTGAGE,76000.0,15.09,0.08900000000000001,0,13015,OVER_FORTY,0,0.35308844628582353,0
101028,11625,RENT,45000.0,9.41,0.1114,0,5253,OVER_FORTY,0,0.45957271156976515,0
75689,8000,RENT,65000.0,10.91,0.2031,0,9698,UNDER_FORTY,0,0.6367192627020617,1
76637,4500,MORTGAGE,80000.0,6.53,0.0762,0,9759,OVER_FORTY,0,0.24365453628152833,0
88000,10625,RENT,60000.0,16.73,0.1531,0,7749,UNDER_FORTY,0,0.5626788944605154,0
101153,12000,MORTGAGE,108000.0,6.79,0.1531,0,6988,UNDER_FORTY,0,0.444749997327397,0
85640,4125,RENT,46000.0,21.39,0.1531,0,7749,UNDER_FORTY,0,0.5813205870971364,0
76027,6000,OWN,32000.0,32.1,0.1235,0,7079,UNDER_FORTY,0,0.56275031771377,0
78741,15000,MORTGAGE,88000.0,11.74,0.0662,0,17276,UNDER_FORTY,0,0.24266248981470823,0
91122,20000,RENT,53000.0,9.98,0.1531,0,5618,UNDER_FORTY,0,0.5699919635260324,0
108556,3825,RENT,51000.0,0.07,0.1531,0,4310,UNDER_FORTY,1,0.49892055655331424,0
86838,10000,RENT,45898.0,22.56,0.1433,0,7506,UNDER_FORTY,1,0.5838138118763344,0
74911,35000,RENT,160000.0,5.79,0.1756,0,7475,UNDER_FORTY,0,0.4982987248594568,0
103858,10000,MORTGAGE,47000.0,12.95,0.1311,0,7202,OVER_FORTY,0,0.5002153753971534,0
97475,15900,MORTGAGE,60000.0,10.76,0.1212,0,6714,UNDER_FORTY,0,0.44868732454511023,0
85013,8500,MORTGAGE,43000.0,33.68,0.1212,0,6472,UNDER_FORTY,0,0.5332076291132694,0
75837,5000,RENT,45000.0,13.73,0.1368,0,6349,UNDER_FORTY,0,0.5245832928975104,0
97703,9325,MORTGAGE,27580.0,9.83,0.1409,0,5223,UNDER_FORTY,1,0.572765397328532,0
101081,14000,RENT,68000.0,12.16,0.1531,0,11950,UNDER_FORTY,0,0.5507377844542586,0
86816,7000,RENT,32000.0,9.7,0.1531,0,8783,UNDER_FORTY,0,0.6081125983900771,0
72407,10000,RENT,55000.0,27.12,0.0971,0,9180,UNDER_FORTY,0,0.44284237337257015,0
110672,21100,MORTGAGE,60000.0,15.93,0.08900000000000001,0,9606,OVER_FORTY,0,0.37294569023770385,0
105994,10000,MORTGAGE,94000.0,4.63,0.1114,0,12436,OVER_FORTY,0,0.3521781003433302,0
70000,7125,MORTGAGE,50000.0,23.97,0.0971,0,13654,OVER_FORTY,1,0.4214409565832878,0
96947,6250,RENT,30000.0,6.6,0.1727,0,5162,UNDER_FORTY,0,0.6372398543346817,1
107517,17625,RENT,40000.0,23.73,0.1433,0,7202,OVER_FORTY,0,0.6164265404151308,0
107853,18000,RENT,220000.0,5.5,0.08900000000000001,0,14933,UNDER_FORTY,0,0.24114216611208353,0
104458,4450,RENT,16000.0,15.45,0.2295,0,4157,UNDER_FORTY,0,0.7936300191405382,1
106902,13200,MORTGAGE,40400.0,24.86,0.1212,0,7322,OVER_FORTY,0,0.5306287757163503,0
92336,10825,RENT,61500.0,15.71,0.158,0,7291,UNDER_FORTY,0,0.5677908592274272,0
86698,6000,MORTGAGE,70000.0,15.14,0.1409,5,6014,OVER_FORTY,0,0.4858383178305477,0
93823,15000,MORTGAGE,130000.0,14.94,0.08900000000000001,0,6957,UNDER_FORTY,1,0.2771005475773396,0
108877,8125,RENT,24000.0,29.25,0.1849,0,8693,UNDER_FORTY,0,0.7475544420166087,1
96335,8225,MORTGAGE,75000.0,18.32,0.08900000000000001,0,7322,OVER_FORTY,0,0.3272814626192467,0
84255,8400,MORTGAGE,51000.0,7.66,0.1777,0,4461,UNDER_FORTY,0,0.5732124069429411,0
75083,12000,MORTGAGE,50000.0,21.48,0.0603,0,13624,UNDER_FORTY,0,0.2835444440076787,0
100163,6250,MORTGAGE,60000.0,29.41,0.158,0,9971,OVER_FORTY,0,0.5761764057987874,0
105044,7250,RENT,28430.4,27.69,0.1777,0,8905,UNDER_FORTY,0,0.714518890943755,1
92074,1200,RENT,38300.0,29.83,0.1849,0,9606,UNDER_FORTY,0,0.6618926946447495,1
108002,32875,RENT,101000.0,25.21,0.1849,0,9455,UNDER_FORTY,1,0.6253895291454067,1
95619,6000,RENT,30000.0,16.52,0.1212,0,5072,UNDER_FORTY,0,0.5382564827055012,0
102667,10050,OWN,30000.0,7.0,0.1409,0,7263,UNDER_FORTY,0,0.5632204213339249,0
72264,12175,RENT,40000.0,14.1,0.1064,0,5406,UNDER_FORTY,1,0.47215978623982074,0
112060,21000,RENT,115000.0,8.4,0.079,0,13563,UNDER_FORTY,0,0.2774622820304333,0
82421,3700,RENT,28234.0,12.84,0.1433,0,6533,UNDER_FORTY,0,0.585997040240563,0
85541,15000,OWN,45000.0,28.72,0.1409,0,12893,OVER_FORTY,0,0.5944972700821938,0
99037,20000,MORTGAGE,75000.0,14.4,0.079,0,9302,OVER_FORTY,0,0.307550160656736,0
109562,8000,MORTGAGE,154000.0,16.18,0.1114,0,7810,OVER_FORTY,0,0.3150639250430278,0
87551,10000,RENT,32000.0,13.39,0.1016,0,4735,UNDER_FORTY,0,0.47319547216312274,0
112434,8000,RENT,62000.0,18.12,0.1114,0,6258,UNDER_FORTY,0,0.43855251306634696,0
110433,21000,MORTGAGE,138000.0,23.71,0.1114,0,8632,OVER_FORTY,0,0.3701551950164614,0
101774,10500,RENT,55000.0,15.91,0.1114,0,6441,UNDER_FORTY,0,0.45441683358057827,0
71814,3000,MORTGAGE,33700.0,22.33,0.1368,0,5162,UNDER_FORTY,0,0.5422237146503662,0
90800,10000,RENT,116000.0,14.59,0.1777,0,12255,OVER_FORTY,0,0.5404584976040394,0
85955,8000,MORTGAGE,45000.0,4.69,0.1016,0,7688,OVER_FORTY,1,0.3907479765753846,0
72874,9950,RENT,30000.0,11.96,0.1433,0,5892,UNDER_FORTY,0,0.6004411273904364,0
80272,10000,MORTGAGE,160000.0,5.87,0.0971,0,13319,OVER_FORTY,0,0.26229697907689686,0
110311,24900,RENT,102000.0,12.78,0.08900000000000001,0,5223,UNDER_FORTY,0,0.3224452023636193,0
83978,8000,OWN,60000.0,16.08,0.1905,0,9483,OVER_FORTY,1,0.6140818998315507,0
102633,8000,MORTGAGE,101000.0,20.23,0.0762,0,13135,OVER_FORTY,0,0.266750186187431,0
98002,7000,MORTGAGE,30000.0,7.56,0.1531,0,7749,OVER_FORTY,0,0.5858263609657796,0
80555,19200,MORTGAGE,165000.0,22.48,0.08900000000000001,0,13107,UNDER_FORTY,0,0.2854291389993524,0
71495,9600,RENT,52000.0,14.35,0.1155,0,8905,UNDER_FORTY,0,0.4728530488190986,0
108470,10000,RENT,72000.0,22.67,0.1433,0,8053,UNDER_FORTY,0,0.5325082675635416,0
70580,6000,RENT,80000.0,7.68,0.1885,0,10671,UNDER_FORTY,0,0.5716144050940738,0
95254,5000,MORTGAGE,40000.0,6.42,0.0662,0,10124,UNDER_FORTY,0,0.27349235107443975,0
87198,12000,MORTGAGE,78000.0,17.23,0.1905,0,7719,UNDER_FORTY,1,0.5939754623630651,0
114345,5000,RENT,35831.18,19.63,0.1409,0,4431,UNDER_FORTY,0,0.5713914567258719,0
110957,17000,RENT,54000.0,14.51,0.08900000000000001,0,9118,UNDER_FORTY,0,0.3963085349383699,0
68677,30000,RENT,82000.0,15.6,0.1885,0,9241,OVER_FORTY,0,0.6282812476934921,1
105232,8000,MORTGAGE,76000.0,29.57,0.1727,0,9149,OVER_FORTY,1,0.5861684192557779,0
91034,9000,RENT,55000.0,25.33,0.1409,0,11524,UNDER_FORTY,0,0.5690715408109991,0
80425,11200,RENT,54000.0,12.04,0.1305,0,5983,UNDER_FORTY,0,0.5019511511799973,0
72951,20000,OWN,178000.0,9.83,0.1064,0,13197,OVER_FORTY,0,0.30106448313855816,0
84921,8000,RENT,36000.0,12.53,0.1727,0,6380,UNDER_FORTY,0,0.6417703347616551,1
93939,10200,MORTGAGE,50000.0,21.25,0.1727,0,6075,UNDER_FORTY,0,0.6113786905962563,0
98727,9500,RENT,52000.0,10.73,0.1433,0,5741,UNDER_FORTY,0,0.5311908512596323,0
81779,15000,MORTGAGE,100000.0,27.33,0.1409,0,8632,UNDER_FORTY,0,0.48942001025694426,0
74211,31050,MORTGAGE,71000.0,11.65,0.1155,0,8206,OVER_FORTY,0,0.4359075974020493,0
106252,35000,OWN,128000.0,0.54,0.158,0,7597,OVER_FORTY,0,0.4491226305190048,0
101751,5200,MORTGAGE,37000.0,11.68,0.0662,0,10916,OVER_FORTY,0,0.29467784203706016,0
108830,15000,RENT,54000.0,26.71,0.1212,0,5680,UNDER_FORTY,0,0.5226572423935547,0
72367,6000,RENT,30000.0,17.0,0.1433,0,5953,UNDER_FORTY,0,0.6008175898305348,0
105962,3600,RENT,29000.0,16.63,0.1433,0,5953,UNDER_FORTY,0,0.5905670805535363,0
96427,20000,MORTGAGE,112000.0,15.19,0.1433,0,11340,UNDER_FORTY,0,0.4616502609664759,0
73736,5000,MORTGAGE,124000.0,12.08,0.0971,0,11281,OVER_FORTY,0,0.2826862774492811,0
105261,6500,MORTGAGE,40000.0,19.8,0.1114,0,7414,UNDER_FORTY,0,0.4698657301061045,0
94336,14000,MORTGAGE,100000.0,10.98,0.1777,1,14841,UNDER_FORTY,0,0.5417011049518469,0
95562,7500,OWN,45000.0,1.41,0.1777,0,18402,OVER_FORTY,0,0.5932914316623058,0
104293,6000,RENT,28000.0,16.5,0.1531,0,7232,UNDER_FORTY,0,0.6333270612252666,1
69589,9000,RENT,50000.0,19.66,0.079,0,8359,UNDER_FORTY,0,0.3627736688588101,0
91161,7125,MORTGAGE,30243.0,15.79,0.1433,0,7506,UNDER_FORTY,0,0.5832634719430729,0
96563,12000,MORTGAGE,75000.0,4.1,0.0762,0,5710,UNDER_FORTY,0,0.2568215707031934,0
88078,9000,MORTGAGE,56000.0,15.56,0.1849,0,10671,OVER_FORTY,0,0.6147905439194272,0
70303,7000,MORTGAGE,130000.0,7.36,0.0662,0,5741,UNDER_FORTY,0,0.17745049663599755,0
80362,4500,RENT,70000.0,1.29,0.1756,0,12681,UNDER_FORTY,0,0.5391679029685319,0
77666,13250,OWN,40000.0,29.67,0.2031,0,6806,UNDER_FORTY,1,0.7179627036757429,1
108267,8400,MORTGAGE,50000.0,16.87,0.0603,0,7719,UNDER_FORTY,0,0.2579201228596148,0
70457,7700,MORTGAGE,40295.0,28.14,0.1368,0,7079,OVER_FORTY,1,0.5674384768290391,0
105582,10000,RENT,90000.0,9.44,0.1409,0,5284,UNDER_FORTY,0,0.45624815398568774,0
75082,6000,RENT,32000.0,14.63,0.0971,0,7749,UNDER_FORTY,0,0.4564137438278695,0
74583,10000,MORTGAGE,75000.0,18.43,0.1064,0,7536,OVER_FORTY,0,0.38897903216313157,0
90085,24000,MORTGAGE,95000.0,13.52,0.1409,0,11128,UNDER_FORTY,0,0.4751030272248951,0
97670,16425,RENT,70000.0,15.09,0.1016,0,7414,OVER_FORTY,1,0.4070919113846642,0
108672,20000,MORTGAGE,129500.0,25.25,0.1114,0,11705,UNDER_FORTY,0,0.3852101184739159,0
111476,8000,OWN,40000.0,8.28,0.1409,0,8602,UNDER_FORTY,1,0.5297198704500504,0
77018,7000,OWN,35000.0,29.49,0.08900000000000001,0,8084,OVER_FORTY,0,0.4389192229788059,0
112419,25000,MORTGAGE,95000.0,12.69,0.1114,0,6988,UNDER_FORTY,0,0.38448903133135515,0
82561,10150,RENT,50000.0,15.19,0.1531,0,10610,UNDER_FORTY,0,0.584222717024892,0
105986,10000,MORTGAGE,68900.0,16.91,0.1531,0,6837,UNDER_FORTY,0,0.5203744522545164,0
80096,15000,MORTGAGE,50000.0,14.86,0.1235,0,7994,UNDER_FORTY,0,0.4896487016534971,0
87427,14000,RENT,150000.0,9.66,0.1114,0,8844,UNDER_FORTY,0,0.3373308180154958,0
75493,15000,RENT,84000.0,12.03,0.2031,0,5011,UNDER_FORTY,0,0.6154651559435047,0
110743,8150,RENT,60000.0,14.82,0.1531,0,8724,OVER_FORTY,0,0.5526687558412944,0
96614,7000,RENT,100000.0,22.06,0.1777,0,8783,UNDER_FORTY,0,0.5626505161121165,0
103388,15000,MORTGAGE,62000.0,30.21,0.158,0,10824,OVER_FORTY,1,0.5986623637074492,0
92530,11100,MORTGAGE,70000.0,7.44,0.1433,0,6837,UNDER_FORTY,0,0.4714939946641462,0
101927,8000,RENT,34000.0,9.09,0.158,0,5892,UNDER_FORTY,0,0.6071102328569739,0
95895,10000,MORTGAGE,70000.0,14.18,0.1016,0,6502,UNDER_FORTY,0,0.3682932654390343,0
110186,25000,MORTGAGE,100000.0,18.32,0.1114,0,9789,OVER_FORTY,1,0.3991475618638779,0
98361,10600,RENT,50000.0,9.91,0.08900000000000001,0,10944,UNDER_FORTY,0,0.38423169162256454,0
71997,8000,MORTGAGE,65000.0,20.25,0.1064,0,8479,UNDER_FORTY,0,0.40640193831147486,0
74122,5200,RENT,42000.0,27.97,0.2031,0,6988,UNDER_FORTY,0,0.7079237002328291,1
90682,4200,MORTGAGE,83000.0,3.53,0.1777,0,6806,OVER_FORTY,0,0.49360829971031284,0
85713,5000,MORTGAGE,30700.0,19.23,0.2149,0,7506,OVER_FORTY,0,0.7186390931332459,1
97500,9000,MORTGAGE,120000.0,19.33,0.1777,0,7872,UNDER_FORTY,0,0.5158088921265431,0
98993,14000,MORTGAGE,168000.0,25.84,0.1531,0,7444,OVER_FORTY,0,0.44927699974481317,0
72272,6000,RENT,59500.0,8.83,0.1588,0,5437,UNDER_FORTY,0,0.5340564512493347,0
84484,5500,RENT,35000.0,9.5,0.1433,0,7171,UNDER_FORTY,0,0.5641130432987437,0
82383,15000,MORTGAGE,60000.0,3.66,0.08900000000000001,0,8783,UNDER_FORTY,0,0.3325955709803635,0
91497,21000,MORTGAGE,144866.0,20.48,0.0603,0,11674,OVER_FORTY,0,0.19842974727909107,0
79319,10000,RENT,52000.0,17.17,0.1885,0,10305,UNDER_FORTY,1,0.6568663764760482,1
107148,4800,RENT,53000.0,14.65,0.1114,0,6926,UNDER_FORTY,0,0.4359949359831751,0
89995,12000,RENT,100000.0,4.21,0.1433,0,8084,UNDER_FORTY,0,0.44822340460005144,0
85192,16000,RENT,63000.0,15.68,0.1972,0,6227,UNDER_FORTY,0,0.6512191227243679,1
85040,20000,MORTGAGE,156000.0,15.26,0.08900000000000001,0,7049,UNDER_FORTY,1,0.26687620844321946,0
78826,8575,MORTGAGE,24849.0,10.38,0.08900000000000001,0,8875,OVER_FORTY,0,0.43482211910267643,0
80901,9000,RENT,65000.0,5.63,0.1016,0,9514,UNDER_FORTY,0,0.3798751836656016,0
84018,6000,RENT,39140.0,8.86,0.1433,0,5953,UNDER_FORTY,0,0.5481913871473604,0
77994,1000,MORTGAGE,140000.0,17.68,0.222,0,8632,UNDER_FORTY,0,0.5217513505024398,0
83573,16750,MORTGAGE,38000.0,30.79,0.1409,0,7719,OVER_FORTY,0,0.6130529748940441,0
84247,24375,MORTGAGE,55000.0,17.35,0.1311,0,6472,UNDER_FORTY,0,0.5153779212958719,0
94496,24000,OWN,93500.0,18.29,0.08900000000000001,0,10855,UNDER_FORTY,0,0.33568815954937065,0
80126,7500,RENT,66000.0,5.44,0.0762,0,8084,UNDER_FORTY,0,0.28474101272503943,0
110264,15000,RENT,85000.0,6.31,0.1212,0,12285,UNDER_FORTY,0,0.42757294026849585,0
92980,8800,RENT,55000.0,12.87,0.1409,0,5376,UNDER_FORTY,0,0.5210394836656534,0
83527,7500,MORTGAGE,49000.0,9.67,0.1212,0,6441,UNDER_FORTY,0,0.44897435525485707,0
77964,2400,RENT,8412.0,17.26,0.2031,0,11736,UNDER_FORTY,0,0.8160498113348768,1
93855,19000,MORTGAGE,57000.0,18.36,0.1016,0,10855,OVER_FORTY,0,0.4280038464038802,0
91414,17475,RENT,55000.0,11.5,0.1311,0,6623,UNDER_FORTY,0,0.5136778389886919,0
93193,21000,MORTGAGE,125000.0,17.55,0.1311,0,11462,UNDER_FORTY,0,0.425112887306065,0
89716,6850,RENT,76100.0,16.12,0.1727,0,6561,UNDER_FORTY,0,0.5624057498869058,0
111450,12000,RENT,46900.0,25.43,0.1212,0,7202,UNDER_FORTY,0,0.5342763533357631,0
98309,10000,MORTGAGE,85000.0,13.72,0.1531,0,11950,UNDER_FORTY,0,0.49684350114226694,0
100885,3000,RENT,16800.0,14.07,0.21,0,4431,UNDER_FORTY,0,0.7559068909888494,1
86936,10000,MORTGAGE,36400.0,29.54,0.1212,0,7263,UNDER_FORTY,0,0.548121222075339,0
104908,20000,RENT,117000.0,5.52,0.08900000000000001,0,7597,UNDER_FORTY,0,0.2925008726880235,0
108773,6000,MORTGAGE,145000.0,9.27,0.0662,0,10855,UNDER_FORTY,0,0.17726233686975054,0
107654,14400,RENT,56202.0,32.63,0.1311,0,7749,UNDER_FORTY,0,0.566008919527295,0
84389,15000,RENT,60533.0,6.72,0.1409,0,7933,OVER_FORTY,0,0.5142213478045394,0
78580,16000,MORTGAGE,54000.0,26.78,0.1155,0,8359,OVER_FORTY,0,0.4920045127646479,0
97572,25000,MORTGAGE,125000.0,9.2,0.079,0,9789,OVER_FORTY,0,0.25272537143702617,0
110335,21000,MORTGAGE,82000.0,1.52,0.079,0,8844,OVER_FORTY,0,0.27031151241676765,0
97413,28000,MORTGAGE,111490.0,24.47,0.2149,0,10489,UNDER_FORTY,0,0.6431573954553091,1
109314,15000,RENT,89000.0,18.18,0.0762,0,6653,UNDER_FORTY,0,0.2963796894185737,0
83517,15000,RENT,85000.0,15.39,0.1433,0,10275,UNDER_FORTY,0,0.5082206589247983,0
93255,14000,RENT,72000.0,9.15,0.1212,0,8359,UNDER_FORTY,0,0.4459286864349278,0
104581,21000,MORTGAGE,91910.0,27.43,0.08900000000000001,0,8724,OVER_FORTY,0,0.3532149618900663,0
95655,19200,RENT,75000.0,24.66,0.1212,0,8449,UNDER_FORTY,0,0.49178904848998667,0
110994,13000,RENT,40000.0,10.35,0.1433,0,4858,UNDER_FORTY,1,0.5664088168562601,0
75755,11000,OWN,38000.0,16.55,0.1155,0,7110,UNDER_FORTY,0,0.4930003236023571,0
98184,16000,OWN,70000.0,21.94,0.158,0,6684,UNDER_FORTY,0,0.5556809249771452,0
86594,11000,RENT,90000.0,10.49,0.158,0,10824,UNDER_FORTY,1,0.5162376928257416,0
109269,35000,MORTGAGE,102000.0,24.98,0.1433,0,9789,UNDER_FORTY,0,0.5117037400461318,0
110906,7000,MORTGAGE,93000.0,24.3,0.0603,0,10397,UNDER_FORTY,0,0.21937402446238188,0
108443,8000,OWN,24000.0,13.55,0.1727,0,7291,UNDER_FORTY,0,0.6695586248728539,1
77738,7750,RENT,28000.0,12.21,0.1825,0,9545,UNDER_FORTY,1,0.69174289310753,1
108714,12000,MORTGAGE,58000.0,9.6,0.1433,0,6837,OVER_FORTY,0,0.501842051036267,0
105791,8400,RENT,120000.0,14.64,0.1212,0,7018,UNDER_FORTY,0,0.38506262495662447,0
82665,14000,RENT,42000.0,15.71,0.1114,0,7383,UNDER_FORTY,1,0.49605655883689215,0
112729,21000,MORTGAGE,150000.0,12.17,0.0603,0,9636,UNDER_FORTY,0,0.17985328287005378,0
100711,8500,RENT,27620.0,14.99,0.1875,0,4675,UNDER_FORTY,0,0.6993060867632002,1
105585,15000,MORTGAGE,40000.0,6.45,0.1114,0,4766,UNDER_FORTY,0,0.44795009234489636,0
75072,20000,MORTGAGE,100000.0,14.94,0.079,0,6014,UNDER_FORTY,0,0.27396808919380167,0
88990,30000,MORTGAGE,110000.0,16.84,0.158,0,10458,UNDER_FORTY,0,0.5131362165863159,0
82544,5000,MORTGAGE,40000.0,11.05,0.1212,0,12285,UNDER_FORTY,0,0.47766301110197773,0
110709,5000,RENT,24000.0,16.9,0.1905,0,5557,UNDER_FORTY,0,0.7133621311821646,1
81113,7000,MORTGAGE,58000.0,20.56,0.1777,0,4827,UNDER_FORTY,0,0.5891838989910173,0
101950,12000,MORTGAGE,77792.0,28.05,0.1016,0,11827,UNDER_FORTY,0,0.4072217438682003,0
105456,5500,OWN,20000.0,21.0,0.1531,0,4827,UNDER_FORTY,1,0.6516322744486729,1
95081,9000,RENT,92000.0,17.24,0.1114,0,6288,OVER_FORTY,0,0.3937094288078359,0
78631,8325,RENT,27000.0,17.82,0.1756,0,5953,UNDER_FORTY,0,0.6904001457400323,1
83777,6000,OWN,27000.0,13.16,0.1016,0,9820,OVER_FORTY,0,0.4697048519838838,0
92794,12375,RENT,47749.0,24.45,0.1531,0,9149,OVER_FORTY,0,0.6162101723109221,0
70242,20000,MORTGAGE,85000.0,13.75,0.1155,0,9271,UNDER_FORTY,0,0.41123961484806004,0
70203,4000,OWN,40000.0,25.02,0.1825,0,7018,OVER_FORTY,0,0.6442515684096703,1
72837,10400,MORTGAGE,54000.0,25.02,0.0603,0,7414,OVER_FORTY,0,0.2719652194295461,0
71223,15850,RENT,40000.0,1.59,0.0762,0,4766,UNDER_FORTY,1,0.3356326872765267,0
70810,7200,RENT,51000.0,25.41,0.1825,0,6349,UNDER_FORTY,0,0.6522407293725184,1
74983,18000,RENT,55000.0,10.56,0.1155,0,6957,UNDER_FORTY,0,0.468179400564793,0
76888,1500,MORTGAGE,80000.0,10.85,0.0971,0,6957,UNDER_FORTY,0,0.28908078453609615,0
99547,8000,MORTGAGE,80000.0,17.59,0.1531,0,11646,OVER_FORTY,0,0.5081753272565281,0
74333,12000,RENT,78000.0,11.52,0.1522,0,5983,UNDER_FORTY,0,0.5139390154739635,0
76867,4500,MORTGAGE,35000.0,12.62,0.1155,0,7079,UNDER_FORTY,0,0.4681255834686477,0
87380,12000,RENT,46000.0,27.34,0.1311,0,6045,UNDER_FORTY,0,0.5660457928576764,0
107243,7000,OWN,52000.0,14.7,0.1531,0,9089,OVER_FORTY,1,0.5434181871392725,0
82935,5000,RENT,49000.0,26.89,0.21,0,5496,UNDER_FORTY,0,0.6964511353624743,1
93525,16000,RENT,42640.0,19.48,0.158,0,5253,UNDER_FORTY,0,0.6239677486401257,1
94847,11000,MORTGAGE,75000.0,12.48,0.1016,0,9879,OVER_FORTY,0,0.36579998271624237,0
100704,15000,RENT,48000.0,6.83,0.079,0,8875,OVER_FORTY,0,0.3486982906097459,0
74141,10000,OWN,80000.0,20.92,0.1235,0,8053,UNDER_FORTY,0,0.4397529826626931,0
98341,24000,MORTGAGE,326000.0,5.47,0.0662,0,8967,UNDER_FORTY,0,0.1384712637994412,0
68275,6700,MORTGAGE,64000.0,25.84,0.1522,0,7657,UNDER_FORTY,0,0.5426129900784248,0
79059,19750,RENT,44000.0,22.88,0.1588,0,11858,OVER_FORTY,0,0.6497264411518953,1
77905,15900,MORTGAGE,60000.0,11.7,0.1305,0,5618,UNDER_FORTY,0,0.47399231654991975,0
84898,20000,MORTGAGE,150000.0,19.44,0.079,0,7719,OVER_FORTY,0,0.24963932767242858,0
102531,3200,OWN,15000.0,10.32,0.1972,0,4797,UNDER_FORTY,0,0.7246372452284019,1
95215,2550,MORTGAGE,20000.0,12.3,0.079,0,11189,UNDER_FORTY,0,0.3985153839631898,0
89676,14000,MORTGAGE,118000.0,22.17,0.1016,0,15542,UNDER_FORTY,0,0.3539483617500071,0
74895,8000,RENT,32968.0,24.31,0.1064,0,5710,OVER_FORTY,1,0.5127570794823012,0
76372,9000,RENT,45000.0,10.75,0.1433,0,7202,UNDER_FORTY,0,0.5510159423958848,0
93691,12000,RENT,65000.0,4.99,0.21,0,7263,UNDER_FORTY,0,0.6389931170275315,1
87178,6300,RENT,32000.0,16.73,0.1727,0,6926,UNDER_FORTY,0,0.660472264721989,1
111938,16000,MORTGAGE,145000.0,7.37,0.08900000000000001,0,5892,UNDER_FORTY,0,0.24998666828300073,0
76088,9000,MORTGAGE,54000.0,25.91,0.1064,0,6502,UNDER_FORTY,0,0.44139081561312177,0
100679,8875,MORTGAGE,70000.0,3.93,0.1212,0,9455,OVER_FORTY,0,0.40338253351569586,0
103231,14675,MORTGAGE,41000.0,16.33,0.1311,0,5680,UNDER_FORTY,0,0.5315991573641882,0
106207,2400,RENT,85000.0,2.48,0.21,0,7933,OVER_FORTY,0,0.5621588078498984,0
73521,5600,RENT,35000.0,20.71,0.1368,0,7141,UNDER_FORTY,0,0.578103736736876,0
105272,3500,RENT,25000.0,26.58,0.158,0,9759,UNDER_FORTY,0,0.6727673721561023,1
89863,7125,RENT,26000.0,19.43,0.1433,0,8022,OVER_FORTY,0,0.6326728256108316,1
101699,20050,MORTGAGE,75000.0,12.64,0.1212,0,7232,OVER_FORTY,0,0.43497838312423753,0
81533,7000,MORTGAGE,112940.0,9.49,0.1629,0,12681,OVER_FORTY,0,0.4658228156220318,0
101821,7125,OWN,30000.0,12.52,0.158,0,4280,UNDER_FORTY,0,0.6000333123233323,0
74327,9600,RENT,35000.0,33.26,0.1305,0,7475,UNDER_FORTY,1,0.6095907512522422,0
83176,9000,OWN,27000.0,29.5,0.1016,0,6319,UNDER_FORTY,1,0.5170306911662593,0
79890,9500,MORTGAGE,29016.0,7.73,0.08900000000000001,0,16119,UNDER_FORTY,0,0.42298593600555284,0
85467,4000,RENT,25000.0,19.49,0.1016,0,5345,UNDER_FORTY,0,0.4968964923420402,0
85411,13000,RENT,40000.0,24.09,0.079,0,5618,UNDER_FORTY,0,0.4017233648411022,0
95615,7200,MORTGAGE,82500.0,17.17,0.0603,0,5527,UNDER_FORTY,0,0.20866072639016586,0
102197,14000,RENT,65932.0,17.04,0.1311,0,5680,UNDER_FORTY,0,0.4984560630870119,0
94154,12000,MORTGAGE,300000.0,4.0,0.0603,0,13380,OVER_FORTY,0,0.12209514530389236,0
103478,10350,RENT,42500.0,21.81,0.1531,0,15419,UNDER_FORTY,0,0.6269382530926769,1
90517,9000,MORTGAGE,50000.0,12.43,0.1016,0,8418,OVER_FORTY,0,0.4035373195911539,0
92278,20000,MORTGAGE,54574.0,10.64,0.1212,0,8267,OVER_FORTY,0,0.4694397284394467,0
106743,10000,OWN,56500.0,16.46,0.1777,0,9606,OVER_FORTY,0,0.6026921252927829,0
77538,35000,MORTGAGE,110000.0,23.16,0.1433,0,11493,OVER_FORTY,0,0.5006718336811705,0
92167,9575,MORTGAGE,62700.0,22.9,0.1212,0,6472,UNDER_FORTY,0,0.4621919972222605,0
72474,9750,RENT,30000.0,33.4,0.1064,0,6411,UNDER_FORTY,0,0.5559509096088316,0
82069,12250,RENT,35000.0,18.55,0.1311,0,8693,UNDER_FORTY,0,0.5814647870074415,0
93482,5800,OWN,20500.0,12.19,0.079,0,12040,UNDER_FORTY,0,0.4179216136706299,0
100598,12000,RENT,60000.0,14.4,0.1433,0,7018,UNDER_FORTY,0,0.5340475217682035,0
93930,7000,RENT,64000.0,27.38,0.1212,0,13532,OVER_FORTY,0,0.49967757234446497,0
93252,25000,RENT,120000.0,10.48,0.1777,0,6380,UNDER_FORTY,0,0.5378596076301984,0
87544,4875,RENT,35000.0,22.39,0.1433,0,5131,UNDER_FORTY,0,0.5893165358131737,0
82248,14000,MORTGAGE,53000.0,26.35,0.0762,0,6837,UNDER_FORTY,0,0.3486858722984325,0
80406,20000,MORTGAGE,77000.0,24.16,0.1756,0,8053,UNDER_FORTY,0,0.5978810726244526,0
74774,20000,OWN,60000.0,11.4,0.1064,0,5406,UNDER_FORTY,0,0.4080713052002195,0
74358,6000,MORTGAGE,63155.0,7.66,0.0971,0,5345,UNDER_FORTY,0,0.33341488289563054,0
75243,14000,RENT,60000.0,12.08,0.1522,0,8328,UNDER_FORTY,0,0.55663212661071,0
89908,8000,MORTGAGE,44000.0,4.04,0.1016,0,5802,UNDER_FORTY,1,0.38673452416117754,0
69811,20000,OWN,58500.0,21.76,0.1064,0,8724,UNDER_FORTY,0,0.4471924849362415,0
94531,18000,MORTGAGE,65000.0,11.74,0.1629,0,7933,OVER_FORTY,0,0.5542378092612322,0
74851,16000,MORTGAGE,100000.0,11.36,0.1155,0,10397,UNDER_FORTY,0,0.3827508727181942,0
110975,12000,MORTGAGE,70000.0,31.78,0.1629,0,11827,UNDER_FORTY,0,0.5954983721945799,0
102909,10625,RENT,45000.0,9.23,0.1777,0,10944,UNDER_FORTY,0,0.6348833797201267,1
90811,13500,RENT,80000.0,10.97,0.1114,0,13350,UNDER_FORTY,0,0.41696241258709127,0
85273,25000,MORTGAGE,84500.0,14.12,0.158,0,11615,OVER_FORTY,0,0.5341216665268145,0
70298,5500,MORTGAGE,20000.0,21.72,0.1952,0,5072,UNDER_FORTY,0,0.7312890121130594,1
83373,10000,MORTGAGE,30000.0,12.64,0.1727,0,11585,UNDER_FORTY,0,0.656460697252442,1
91126,8400,MORTGAGE,55000.0,3.43,0.1212,0,8114,UNDER_FORTY,0,0.4258128459809747,0
82426,10000,MORTGAGE,125000.0,9.24,0.1212,0,11646,UNDER_FORTY,0,0.358513414193518,0
84904,5000,MORTGAGE,76000.0,30.23,0.1849,0,11646,OVER_FORTY,0,0.6047763025345199,0
72031,3600,RENT,45000.0,13.21,0.1588,0,5253,Under Forty,0,0.5646648188616662,0
85275,12000,MORTGAGE,96000.0,9.61,0.1531,0,9910,OVER_FORTY,0,0.4726359371001635,0
109736,15000,RENT,40000.0,24.85,0.158,0,8418,Under Forty,1,0.6508780559690573,1
86355,10050,RENT,30000.0,24.44,0.1531,0,6319,Under Forty,0,0.6560212727121238,1
92739,25000,MORTGAGE,137500.0,12.53,0.1905,2,6623,OVER_FORTY,0,0.5388330113938863,0
83422,10000,RENT,38000.0,14.87,0.1114,0,9636,Under Forty,0,0.5015369170045744,0
88295,11500,RENT,75000.0,4.06,0.2198,0,5527,Under Forty,0,0.6318225683435609,1
95524,4000,OWN,50000.0,8.88,0.1212,0,7902,Under Forty,0,0.43156903381520795,0
102420,14000,MORTGAGE,57496.0,23.67,0.1114,0,8783,Under Forty,0,0.46085494300135654,0
106776,8000,RENT,65000.0,4.23,0.1114,0,6319,Under Forty,0,0.39643753184369485,0
94129,10475,RENT,103380.0,0.65,0.1777,0,5680,Under Forty,0,0.5034945847586136,0
101769,12500,RENT,55000.0,19.99,0.1531,0,6472,Under Forty,0,0.5825701223872684,0
80508,4800,RENT,85000.0,17.56,0.1305,0,10944,Under Forty,0,0.4514334214287596,0
82297,20000,MORTGAGE,70000.0,12.71,0.1409,0,7414,Under Forty,0,0.4969778635383828,0
78996,7800,MORTGAGE,48962.0,27.16,0.0662,0,7444,Under Forty,0,0.3053533046461675,0
96854,18300,MORTGAGE,113000.0,24.14,0.1311,0,10154,Under Forty,0,0.4488256046793654,0
98033,2500,OWN,70000.0,22.97,0.1727,0,4827,Under Forty,1,0.5360000791342006,0
71620,7900,OWN,45000.0,11.84,0.1522,0,7536,Under Forty,0,0.5504545659807385,0
71397,14625,MORTGAGE,95000.0,19.57,0.0971,0,5922,Under Forty,0,0.34195195304012377,0
93898,24000,MORTGAGE,101000.0,12.45,0.1433,0,7780,Under Forty,0,0.4644951407505052,0
82462,13000,RENT,53000.0,22.95,0.158,0,6502,Under Forty,0,0.6068135272026391,0
107042,19600,MORTGAGE,150000.0,17.91,0.1311,0,7383,Under Forty,0,0.3955085784695092,0
69039,13000,OWN,54000.0,18.82,0.1756,0,7688,Under Forty,0,0.612539125284777,0
93330,11000,MORTGAGE,78000.0,11.77,0.1114,0,8237,OVER_FORTY,0,0.38638958483810926,0
93167,6400,RENT,45000.0,9.23,0.1114,0,7841,Under Forty,0,0.4504807793322404,0
94900,6400,RENT,52000.0,23.86,0.1311,0,7933,Under Forty,0,0.5304309938589388,0
82974,18000,RENT,45000.0,10.4,0.079,0,9302,OVER_FORTY,0,0.3700189119476786,0
102038,31300,RENT,70000.0,20.4,0.1212,0,10185,Under Forty,0,0.5048761134611071,0
108617,9000,RENT,27000.0,6.36,0.1629,0,6684,Under Forty,0,0.641538754821384,1
112917,10000,RENT,110000.0,12.65,0.1629,0,11462,OVER_FORTY,0,0.5079648414351863,0
105226,7000,RENT,38000.0,26.72,0.1629,0,5315,Under Forty,0,0.6451140913163481,1
104415,10000,MORTGAGE,97476.0,13.39,0.1875,0,7383,Under Forty,0,0.5462082230507487,0
83455,14000,RENT,53000.0,22.82,0.1433,0,8814,Under Forty,0,0.5794339728246103,0
83889,5000,MORTGAGE,24000.0,22.75,0.1212,0,9848,Under Forty,0,0.5659890142240103,0
81702,18225,OWN,55000.0,22.36,0.1212,0,8936,Under Forty,0,0.49935969213189696,0
96454,8800,RENT,80000.0,15.86,0.1875,0,7291,Under Forty,0,0.5945461745088809,0
88429,8000,RENT,55800.0,13.16,0.1114,0,8844,Under Forty,0,0.44380883932551174,0
110394,20000,RENT,90000.0,15.76,0.1409,0,7383,OVER_FORTY,0,0.49801109436628815,0
98909,10000,RENT,48000.0,7.35,0.1016,0,8875,Under Forty,0,0.4205225979609475,0
80115,3600,RENT,112000.0,16.91,0.2115,0,6684,Under Forty,0,0.5788171895405131,0
105187,10000,RENT,45000.0,10.08,0.1212,0,5345,Under Forty,0,0.48709698412930796,0
99156,19075,RENT,80000.0,6.09,0.158,0,9514,Under Forty,0,0.5306225397279036,0
98049,11500,RENT,84800.0,14.43,0.1629,0,8967,Under Forty,0,0.5429772241852351,0
79351,10000,OWN,52000.0,14.63,0.1064,0,7141,OVER_FORTY,0,0.4200806890763994,0
90211,22000,MORTGAGE,50000.0,4.54,0.1629,0,6592,Under Forty,0,0.5676574902214737,0
82158,10000,MORTGAGE,50000.0,18.98,0.0662,0,12040,Under Forty,0,0.2974430047197798,0
83671,5000,MORTGAGE,44000.0,3.6,0.1016,0,11889,OVER_FORTY,0,0.38606309442382997,0
93728,7000,RENT,57000.0,17.45,0.2049,0,5192,Under Forty,0,0.6567730597212639,1
101344,5000,MORTGAGE,88500.0,25.99,0.1433,0,8724,Under Forty,0,0.47721398265081605,0
92866,25000,MORTGAGE,59000.0,17.64,0.08900000000000001,0,15085,OVER_FORTY,0,0.3912887705253912,0
86592,6000,RENT,41000.0,19.96,0.1409,0,8936,Under Forty,0,0.5738432445293028,0
88103,6375,OWN,50000.0,19.68,0.1311,0,7872,Under Forty,0,0.5007651642227897,0
104203,25000,RENT,75010.0,30.0,0.2328,0,9058,Under Forty,0,0.7376604267356314,1
99837,9000,RENT,44000.0,19.25,0.1311,0,7383,Under Forty,0,0.545490343644504,0
77872,9200,MORTGAGE,40000.0,22.53,0.0971,0,10397,Under Forty,1,0.4455351819123644,0
70133,9500,MORTGAGE,83000.0,0.01,0.0762,0,8053,Under Forty,0,0.2395022992887215,0
108300,10000,MORTGAGE,58000.0,21.21,0.1212,0,11006,Under Forty,0,0.4776449658113672,0
80261,12000,RENT,50200.0,20.44,0.0971,0,10550,Under Forty,0,0.44292119707957794,0
93918,10625,MORTGAGE,36700.0,27.44,0.1777,0,7322,Under Forty,1,0.6745317278409041,1
96828,12000,MORTGAGE,156000.0,11.18,0.08900000000000001,0,9363,Under Forty,0,0.2518026458897688,0
70617,15000,MORTGAGE,58000.0,22.16,0.1155,0,7933,OVER_FORTY,1,0.4682570422188882,0
108201,15500,MORTGAGE,70000.0,20.52,0.1212,0,6988,Under Forty,0,0.45690558004479337,0
78413,12000,MORTGAGE,65000.0,14.51,0.1235,0,7353,OVER_FORTY,0,0.4501084594511961,0
88080,17475,MORTGAGE,73000.0,10.22,0.1212,0,5892,OVER_FORTY,1,0.42440228533108193,0
84985,5000,MORTGAGE,118000.0,9.11,0.0603,0,11281,OVER_FORTY,0,0.17100723192925935,0
84387,8500,RENT,36000.0,18.57,0.1212,0,10032,Under Forty,0,0.543834063318798,0
73651,9750,RENT,72000.0,19.22,0.1885,0,7536,OVER_FORTY,0,0.6203718507513956,0
109349,10000,RENT,82000.0,7.01,0.1433,0,7322,Under Forty,0,0.4726578496730743,0
111241,28000,RENT,106000.0,18.78,0.0762,0,8298,Under Forty,0,0.29766569730536263,0
106134,28000,MORTGAGE,111000.0,21.54,0.079,0,8145,Under Forty,0,0.29024108758329525,0
101159,5600,RENT,69000.0,15.72,0.0662,0,9455,Under Forty,0,0.26167392880725243,0
82183,8050,OWN,28000.0,19.41,0.1409,0,6926,Under Forty,0,0.5975446198144668,0
78057,16000,MORTGAGE,105000.0,13.95,0.1155,0,15480,OVER_FORTY,0,0.39081514770318276,0
93559,9000,RENT,95000.0,10.66,0.1114,0,9394,Under Forty,0,0.38000088381056735,0
103259,24000,MORTGAGE,105000.0,12.77,0.1212,0,10824,OVER_FORTY,0,0.4080927225335318,0
77588,8000,RENT,84000.0,19.1,0.22699999999999998,1,8479,OVER_FORTY,0,0.6700336617375855,1
101237,10000,MORTGAGE,180000.0,15.17,0.158,0,6441,Under Forty,0,0.41259120431211077,0
77902,14325,RENT,106718.0,6.79,0.1155,0,11401,OVER_FORTY,0,0.3839310796920773,0
69538,18000,MORTGAGE,130000.0,15.96,0.079,0,8206,Under Forty,0,0.2540521098610017,0
79943,3000,MORTGAGE,31850.0,17.29,0.1588,0,11309,Under Forty,0,0.6022239245875375,0
95728,6000,RENT,30000.0,8.02,0.079,0,8752,OVER_FORTY,0,0.3806198505655967,0
72399,10000,RENT,45000.0,19.28,0.1522,0,9455,OVER_FORTY,0,0.6026090182163902,0
107061,10000,RENT,40000.0,24.12,0.1629,0,5011,Under Forty,0,0.6407732814061357,1
84661,20000,MORTGAGE,93000.0,17.6,0.0662,0,13563,Under Forty,0,0.25210789309307713,0
96295,3000,RENT,40000.0,13.38,0.2149,0,5953,Under Forty,0,0.6829112885269049,1
105333,15000,MORTGAGE,60000.0,17.26,0.1114,0,5041,OVER_FORTY,0,0.43040567056458706,0
96924,9600,MORTGAGE,84190.0,7.23,0.1433,0,12650,Under Forty,0,0.45633650823503713,0
94503,16000,MORTGAGE,70000.0,34.92,0.1409,0,13472,OVER_FORTY,0,0.5621185785374132,0
94431,30000,MORTGAGE,70000.0,26.59,0.158,0,8145,Under Forty,0,0.588086509508758,0
103459,16000,RENT,80000.0,13.49,0.1114,0,4522,Under Forty,0,0.40890961156496064,0
95749,8000,RENT,26000.0,15.65,0.1849,0,9879,Under Forty,1,0.7123468633900879,1
94116,3250,RENT,16000.0,18.9,0.1727,0,4675,Under Forty,0,0.7150172466320279,1
83059,5000,RENT,108000.0,9.71,0.1212,0,6472,Under Forty,0,0.3697918364557806,0
105534,21000,OWN,53000.0,11.48,0.1212,0,10213,OVER_FORTY,0,0.4803453428031267,0
104398,22000,RENT,94000.0,7.58,0.1875,0,9058,OVER_FORTY,1,0.581648009984949,0
107592,2000,RENT,31000.0,10.37,0.1972,0,4980,Under Forty,0,0.6605043960448292,1
110504,29100,MORTGAGE,65000.0,13.65,0.1777,0,9971,OVER_FORTY,0,0.6073832723383988,0
83407,9750,MORTGAGE,28000.0,23.31,0.1212,0,7749,Under Forty,0,0.562711900977871,0
81012,10625,MORTGAGE,105000.0,13.38,0.1311,1,9210,OVER_FORTY,0,0.4161806166528997,0
103871,6725,OWN,25000.0,20.02,0.08900000000000001,0,8571,Under Forty,0,0.4530107552848835,0
73376,12000,RENT,65000.0,11.58,0.0971,0,5953,Under Forty,0,0.3797135665945556,0
102826,10000,RENT,75000.0,6.69,0.1727,0,8967,Under Forty,0,0.5543579387794104,0
77866,10000,RENT,70000.0,11.62,0.1305,0,4919,Under Forty,0,0.46335486087386457,0
72003,14000,OWN,111400.0,8.94,0.0971,0,8632,OVER_FORTY,0,0.30499114752289136,0
100473,10000,RENT,145000.0,8.29,0.0603,0,11189,Under Forty,0,0.1792997963814166,0
84932,20000,MORTGAGE,58000.0,10.84,0.08900000000000001,0,8175,OVER_FORTY,0,0.3597517374825662,0
111496,12500,OWN,45000.0,24.36,0.1114,0,5771,OVER_FORTY,1,0.4811749816128303,0
90569,5000,RENT,35000.0,5.04,0.1016,0,7810,Under Forty,0,0.43074287888675405,0
83426,11100,RENT,32000.0,26.7,0.1016,0,9180,OVER_FORTY,0,0.5242937919971492,0
95945,10000,MORTGAGE,80000.0,18.42,0.158,0,6623,Under Forty,1,0.5176549308503431,0
91890,10500,MORTGAGE,78000.0,32.22,0.1016,0,7780,OVER_FORTY,0,0.40707431767891955,0
84538,5500,MORTGAGE,20000.0,20.7,0.1433,0,10213,OVER_FORTY,0,0.6414186918424696,1
76777,10000,RENT,50000.0,6.89,0.1588,0,6319,Under Forty,0,0.5655734279213976,0
84802,16000,OWN,46000.0,27.73,0.158,0,8206,Under Forty,0,0.6228873185680435,1
109511,8500,RENT,25650.0,24.7,0.1212,0,7353,Under Forty,0,0.5942432596823336,0
91282,9000,MORTGAGE,84000.0,16.41,0.1849,0,8267,Under Forty,0,0.5658511924981292,0
93029,18000,RENT,78000.0,22.66,0.1875,0,16699,OVER_FORTY,0,0.647030482131602,1
98670,35000,OWN,110000.0,4.36,0.1114,0,8084,Under Forty,0,0.3578727413689596,0
110742,7750,MORTGAGE,50000.0,0.91,0.1849,0,5041,Under Forty,0,0.572258954797182,0
86935,20000,MORTGAGE,160000.0,23.98,0.1114,0,11250,OVER_FORTY,1,0.35777935295501034,0
78232,25000,MORTGAGE,60000.0,16.58,0.1235,0,7322,Under Forty,0,0.48469179162747117,0
87732,10000,RENT,44000.0,4.04,0.0762,0,9028,OVER_FORTY,0,0.33086633300702756,0
104286,15000,MORTGAGE,117144.0,7.69,0.08900000000000001,0,6014,OVER_FORTY,0,0.2691480724256966,0
89284,10000,OWN,70000.0,12.34,0.1629,0,6867,Under Forty,0,0.5288676630965391,0
94453,9000,RENT,37000.0,9.24,0.1212,0,7810,OVER_FORTY,0,0.5122108261008416,0
106414,10800,RENT,80000.0,11.13,0.1114,0,7749,Under Forty,0,0.40202442624879237,0
79341,8000,MORTGAGE,210000.0,6.96,0.1885,0,9089,OVER_FORTY,0,0.4375423869768923,0
86272,6900,RENT,34000.0,7.59,0.1727,0,4035,Under Forty,0,0.6241492983349392,1
80538,35000,OWN,300000.0,10.38,0.1155,0,17490,OVER_FORTY,0,0.29102507081660917,0
80104,3825,RENT,13000.0,12.89,0.1678,0,4492,Under Forty,0,0.7160418299729278,1
105829,24000,OWN,100000.0,11.45,0.0762,0,9394,OVER_FORTY,0,0.26717398903582856,0
80568,10000,MORTGAGE,32000.0,9.83,0.1756,0,5253,Under Forty,0,0.6349384309487323,1
106205,12500,MORTGAGE,40000.0,13.56,0.1777,0,7322,OVER_FORTY,1,0.6350046007436285,1
91079,19000,RENT,73000.0,7.53,0.1212,0,9789,Under Forty,0,0.45086505349071326,0
103045,2600,RENT,27000.0,20.72,0.158,0,7780,Under Forty,1,0.6391806932718406,1
103672,20000,RENT,105000.0,12.18,0.1114,0,6136,Under Forty,0,0.3855116140596015,0
109551,10000,RENT,31000.0,24.85,0.1875,0,5802,Under Forty,0,0.7170038586987003,1
90262,11325,MORTGAGE,33900.0,12.46,0.1212,0,9514,Under Forty,1,0.5184197160530317,0
98754,15000,RENT,50000.0,24.6,0.21,0,9394,OVER_FORTY,1,0.7216219534643099,1
105193,6000,MORTGAGE,50000.0,22.49,0.1114,0,9879,Under Forty,1,0.45379869463227573,0
70411,20000,MORTGAGE,140000.0,9.81,0.1368,0,7628,Under Forty,0,0.3978670903698221,0
97415,6700,MORTGAGE,50000.0,11.69,0.1409,1,6988,Under Forty,0,0.5075889216663141,0
107511,10000,MORTGAGE,55000.0,16.74,0.1972,0,7688,OVER_FORTY,1,0.6398669321963091,1
96831,16000,RENT,105000.0,5.29,0.1727,0,6867,OVER_FORTY,0,0.5183801420606557,0
95128,12000,RENT,52000.0,13.51,0.08900000000000001,0,13258,OVER_FORTY,1,0.3956085221421265,0
93721,10800,MORTGAGE,47580.0,15.54,0.1433,0,8783,Under Forty,0,0.5432643530367405,0
101400,21850,RENT,61000.0,14.4,0.08900000000000001,0,7657,OVER_FORTY,0,0.38556037143858474,0
107208,14000,OWN,46000.0,5.01,0.1531,0,10550,Under Forty,0,0.5527829249187624,0
92514,10500,MORTGAGE,43770.0,5.65,0.0762,0,9728,OVER_FORTY,0,0.31767331064317134,0
79966,5375,MORTGAGE,60000.0,14.53,0.1235,0,14596,Under Forty,0,0.4506902483793636,0
79996,10000,OWN,60000.0,22.38,0.1678,0,7475,OVER_FORTY,1,0.5862890472160693,0
71823,21000,MORTGAGE,78000.0,19.19,0.0662,0,10641,OVER_FORTY,0,0.2691968561435676,0
69437,14000,MORTGAGE,105000.0,13.23,0.0762,0,9636,OVER_FORTY,0,0.2556520404621407,0
101435,1250,RENT,22000.0,33.66,0.1727,0,9149,Under Forty,0,0.7059375493483477,1
104471,28000,MORTGAGE,120000.0,10.93,0.08900000000000001,0,12285,OVER_FORTY,0,0.29812836248572,0
106675,3200,OWN,55000.0,11.69,0.1777,0,10124,Under Forty,0,0.5644764379083055,0
70043,6800,OWN,30000.0,25.16,0.1155,0,5922,Under Forty,0,0.5284033863538327,0
94921,10625,MORTGAGE,31000.0,25.47,0.1311,0,5376,Under Forty,0,0.5795432604054576,0
91741,16000,OWN,38418.24,29.8,0.1311,0,11159,OVER_FORTY,0,0.5897481690783504,0
71648,9925,RENT,34000.0,23.36,0.1756,0,5192,Under Forty,0,0.6816590966155054,1
79025,6400,RENT,56000.0,12.54,0.1155,0,7444,OVER_FORTY,0,0.4451682010456398,0
89498,14400,RENT,82500.0,19.21,0.158,0,6288,Under Forty,0,0.5475531127417014,0
95695,8000,MORTGAGE,42000.0,29.66,0.1311,0,8449,OVER_FORTY,0,0.5558774165422327,0
84304,6000,RENT,59000.0,8.29,0.1433,0,7414,Under Forty,0,0.5018939787145146,0
103875,6300,RENT,75000.0,16.3,0.1531,0,8540,OVER_FORTY,0,0.5230209427632134,0
78459,3000,OWN,80000.0,11.61,0.1825,0,7475,OVER_FORTY,0,0.5227616871588814,0
83296,17500,MORTGAGE,48300.0,10.54,0.1531,0,7933,Under Forty,0,0.5626912238732735,0
83642,5000,MORTGAGE,46192.0,15.9,0.0762,0,12071,Under Forty,0,0.32255313684660775,0
86729,11000,MORTGAGE,69000.0,17.84,0.1114,0,7414,OVER_FORTY,1,0.41445895084553247,0
97438,7200,RENT,50000.0,19.89,0.1905,0,7049,Under Forty,1,0.6572312221252823,1
91593,10000,RENT,90000.0,5.48,0.1311,0,6867,OVER_FORTY,0,0.4248908347242637,0
109978,13000,RENT,41000.0,17.23,0.1311,0,8298,Under Forty,0,0.56019819101637,0
101579,12000,MORTGAGE,56000.0,13.41,0.079,0,8663,OVER_FORTY,0,0.3223376278216662,0
91615,15000,MORTGAGE,60000.0,19.33,0.158,0,11705,Under Forty,0,0.5750700490329549,0
84344,20000,RENT,210000.0,4.43,0.1727,0,18129,Under Forty,0,0.45722859047014264,0
72240,16000,RENT,38000.0,5.65,0.1064,0,4766,Under Forty,0,0.4603029539893249,0
103915,10000,MORTGAGE,62000.0,1.3,0.1114,0,7141,Under Forty,0,0.38038726715372423,0
87431,10000,OWN,68000.0,21.72,0.1629,0,13227,Under Forty,0,0.5694186550684299,0
109416,14000,MORTGAGE,206400.0,14.92,0.1727,0,10001,Under Forty,0,0.44489291773521483,0
94440,6000,RENT,30000.0,17.48,0.1531,0,4950,Under Forty,0,0.6216831819896451,0
95175,11000,MORTGAGE,65000.0,13.3,0.0662,0,8359,Under Forty,0,0.2567626535853825,0
87955,5375,RENT,20000.0,21.12,0.1905,0,5983,OVER_FORTY,0,0.7422697940032214,1
92772,9900,OWN,38000.0,23.49,0.1212,0,5953,Under Forty,0,0.522742542444885,0
107034,15000,RENT,50000.0,19.65,0.1849,0,6957,Under Forty,0,0.6638614760651965,1
106531,7550,RENT,27500.0,17.45,0.1875,0,5315,Under Forty,0,0.7046544491858853,1
102822,15000,RENT,55000.0,16.8,0.1114,0,15115,OVER_FORTY,0,0.48181001133130474,0
85690,9600,MORTGAGE,40000.0,26.42,0.1409,0,7171,Under Forty,0,0.5800817415489684,0
80906,6000,RENT,75000.0,16.14,0.1433,0,8114,OVER_FORTY,0,0.49635398377895523,0
106045,30000,RENT,117269.4,17.56,0.1629,0,9483,OVER_FORTY,0,0.5395935913237345,0
95629,8400,MORTGAGE,68000.0,18.07,0.1531,0,8967,OVER_FORTY,0,0.5253678108969937,0
86819,10625,OWN,31114.0,25.49,0.1629,0,7841,Under Forty,0,0.659610756857956,1
90975,8000,MORTGAGE,50000.0,3.41,0.0662,0,11340,OVER_FORTY,0,0.2577761702479195,0
96965,8000,MORTGAGE,50000.0,13.58,0.0662,0,11097,OVER_FORTY,0,0.27924177053607924,0
75641,15000,MORTGAGE,78000.0,3.28,0.0762,0,8328,Under Forty,0,0.26138200790816213,0
88083,30000,MORTGAGE,70000.0,17.11,0.1905,0,5771,Under Forty,0,0.6242381799242296,1
97009,10000,MORTGAGE,64400.0,14.07,0.1972,0,7841,OVER_FORTY,0,0.6158371293444392,0
70545,8400,RENT,24188.0,24.51,0.0971,0,6075,Under Forty,0,0.5211414672405383,0
91673,8000,MORTGAGE,45000.0,11.57,0.1212,0,6684,Under Forty,0,0.4665733592807545,0
86911,1000,RENT,39777.0,21.93,0.1311,0,7202,OVER_FORTY,0,0.5056894466902557,0
111499,7200,MORTGAGE,100000.0,4.1,0.1212,0,7657,OVER_FORTY,0,0.3549693978635699,0
79252,15350,MORTGAGE,46000.0,19.83,0.1368,0,6136,Under Forty,0,0.5451552755583667,0
84613,8000,MORTGAGE,85000.0,11.8,0.1433,0,7353,Under Forty,0,0.45292048478049407,0
80070,4000,MORTGAGE,18048.0,4.06,0.1155,0,9698,Under Forty,0,0.5262068022290295,0
93008,14000,MORTGAGE,82000.0,10.66,0.1311,0,9545,Under Forty,0,0.44206244906891295,0
78964,1400,MORTGAGE,77000.0,15.24,0.1155,0,8693,Under Forty,0,0.3578174040425684,0
89440,10750,MORTGAGE,31000.0,15.64,0.1849,0,7322,OVER_FORTY,1,0.6773778114868055,1
99392,15000,RENT,72000.0,16.3,0.1849,0,6898,Under Forty,1,0.6152959647911348,0
76133,2400,RENT,56000.0,23.57,0.2031,0,8875,Under Forty,0,0.6535987297487977,1
83502,3600,RENT,110000.0,10.23,0.21,0,6136,Under Forty,0,0.5587940558208039,0
86498,6000,RENT,70000.0,7.71,0.079,0,7353,Under Forty,0,0.28766322572004516,0
100513,6250,RENT,52000.0,19.96,0.1433,0,10641,Under Forty,0,0.5561946635619844,0
106534,3000,RENT,12731.0,16.5,0.1972,0,5892,Under Forty,0,0.7706786582076807,1
83913,6200,RENT,50000.0,2.5,0.1905,0,8267,Under Forty,1,0.6122870057016242,0
79711,28000,MORTGAGE,212000.0,20.89,0.08900000000000001,0,14142,Under Forty,0,0.2672654635390444,0
86375,19050,MORTGAGE,90000.0,17.73,0.1311,0,7110,Under Forty,0,0.45300334330572,0
105338,6550,RENT,32042.0,20.49,0.1433,0,6288,Under Forty,0,0.6056187105688806,0
83241,9925,RENT,60000.0,30.82,0.1905,0,7688,Under Forty,0,0.6734829564657586,1
71801,5375,RENT,28000.0,13.16,0.1433,0,6806,Under Forty,0,0.5981722504300728,0
77559,20000,OWN,75000.0,11.84,0.1155,0,6957,Under Forty,0,0.41557792843771413,0
102443,12175,RENT,35000.0,13.92,0.1016,0,5680,Under Forty,0,0.472548431045422,0
87463,8000,RENT,70000.0,20.35,0.1212,0,6472,Under Forty,0,0.4600564079029744,0
69507,7800,OWN,55400.0,14.71,0.1756,0,5618,Under Forty,0,0.5801613702452504,0
91755,14000,MORTGAGE,80000.0,4.5,0.079,0,9089,Under Forty,0,0.27087465792489007,0
71809,23000,MORTGAGE,92000.0,19.34,0.1678,0,5983,Under Forty,0,0.5460530191976064,0
74513,10000,RENT,38397.0,28.44,0.1885,0,6380,Under Forty,1,0.7072046360251751,1
97622,18000,RENT,160000.0,14.48,0.1311,0,8387,OVER_FORTY,0,0.40100843791088353,0
83946,20000,MORTGAGE,160000.0,14.16,0.0603,0,15389,OVER_FORTY,0,0.182798378209825,0
77084,6600,MORTGAGE,75000.0,13.57,0.079,0,14019,OVER_FORTY,0,0.28711475144843873,0
99806,8400,MORTGAGE,63500.0,9.68,0.1212,0,7628,OVER_FORTY,0,0.4246344626412116,0
96723,20000,MORTGAGE,57000.0,11.03,0.079,0,7719,OVER_FORTY,0,0.32493917463385597,0
84137,18000,MORTGAGE,100000.0,14.34,0.1212,0,7719,Under Forty,0,0.4044599586486185,0
85729,18000,RENT,75000.0,17.17,0.1016,0,9820,Under Forty,0,0.41194976440143644,0
77618,7000,MORTGAGE,145000.0,17.4,0.1064,0,7263,OVER_FORTY,0,0.3062172279826854,0
95602,10000,RENT,150000.0,1.84,0.0662,0,7810,Under Forty,0,0.1808552307735114,0
98108,15000,MORTGAGE,145000.0,23.43,0.1311,0,14446,Under Forty,0,0.4188300642283497,0
103811,7000,MORTGAGE,80000.0,25.49,0.079,0,9089,OVER_FORTY,0,0.30248824831457827,0
82507,12000,MORTGAGE,40731.0,13.46,0.0762,0,7414,Under Forty,0,0.34287230796801427,0
75402,7200,MORTGAGE,52000.0,16.89,0.0603,0,6472,OVER_FORTY,0,0.24887512354590796,0
74546,22000,MORTGAGE,63000.0,13.47,0.1064,0,7657,Under Forty,0,0.4165264824492456,0
111199,11100,RENT,75010.0,26.08,0.1905,0,10944,Under Forty,0,0.6464791225023466,1
108081,12175,RENT,135000.0,9.24,0.1114,0,7232,OVER_FORTY,0,0.3409194698371657,0
85280,23850,MORTGAGE,53530.0,26.72,0.1311,0,6288,Under Forty,0,0.5429428416525143,0
78077,15850,RENT,104000.0,7.12,0.1433,0,10213,OVER_FORTY,1,0.46307176411371476,0
106659,14000,MORTGAGE,85050.0,14.15,0.08900000000000001,0,11858,OVER_FORTY,0,0.32435290424810315,0
75097,10000,MORTGAGE,45000.0,17.2,0.1235,0,6837,OVER_FORTY,0,0.49487999742414973,0
79472,17000,RENT,38000.0,17.03,0.1155,0,4706,Under Forty,1,0.5211620180322064,0
74057,22250,OWN,50000.0,22.17,0.08900000000000001,0,17064,OVER_FORTY,0,0.4213795369514705,0
112454,13750,RENT,46000.0,13.93,0.1409,0,5953,Under Forty,0,0.5587584293108474,0
73131,7200,MORTGAGE,110000.0,8.64,0.1235,0,8752,Under Forty,0,0.3642551177447587,0
105051,14125,RENT,84000.0,26.6,0.2198,0,7414,Under Forty,0,0.6846594745880745,1
102246,20000,MORTGAGE,90000.0,22.5,0.079,0,11705,Under Forty,0,0.3114394170908902,0
111513,15000,MORTGAGE,100000.0,7.07,0.1016,0,7018,Under Forty,0,0.3234229718797989,0
75617,15000,MORTGAGE,98500.0,23.27,0.0662,0,11159,OVER_FORTY,0,0.25012243945663315,0
90280,24000,MORTGAGE,80000.0,20.9,0.1433,0,9940,Under Forty,0,0.5196967029697139,0
93053,8000,RENT,71000.0,12.59,0.1629,0,7079,Under Forty,0,0.545084990783312,0
79999,9250,RENT,30000.0,19.44,0.1368,0,5588,OVER_FORTY,0,0.6011967899033607,0
109372,6400,RENT,100345.0,15.82,0.1212,0,6227,Under Forty,0,0.39943298644826775,0
81236,12000,MORTGAGE,71000.0,14.78,0.1016,0,5892,Under Forty,0,0.3711180009085874,0
102636,5200,RENT,45000.0,20.7,0.1212,0,6441,Under Forty,0,0.5019466848176998,0
78700,10000,RENT,55000.0,15.34,0.1433,0,9514,OVER_FORTY,0,0.5475493118816559,0
74907,7200,RENT,25000.0,14.21,0.1885,0,8540,Under Forty,0,0.7144761009197589,1
109972,28000,MORTGAGE,197000.0,18.1,0.1114,0,10855,Under Forty,0,0.3285255312599551,0
103680,11100,RENT,47000.0,24.18,0.1727,0,12040,Under Forty,0,0.6602453848284807,1
87627,16000,RENT,90000.0,1.11,0.0603,0,4858,Under Forty,0,0.20058931721522197,0
102329,7500,MORTGAGE,32000.0,16.13,0.1727,0,5223,Under Forty,0,0.6378439413303926,1
72589,10000,RENT,97000.0,20.55,0.1825,0,9302,Under Forty,0,0.5823773843673624,0
92245,23950,OWN,185000.0,6.06,0.1433,0,6502,Under Forty,0,0.3743349840153161,0
84150,10000,MORTGAGE,100000.0,19.93,0.1016,0,6319,Under Forty,0,0.34324046193614793,0
98238,7200,RENT,48000.0,20.59,0.1629,0,4157,Under Forty,0,0.5997827756851966,0
111123,8525,MORTGAGE,95000.0,18.06,0.1016,0,6898,Under Forty,0,0.3417440996184956,0
94073,7500,MORTGAGE,72000.0,17.13,0.1212,0,7902,OVER_FORTY,0,0.42752552396762833,0
96402,24000,RENT,90000.0,15.47,0.1311,0,7597,Under Forty,0,0.4768417524371462,0
107866,10000,MORTGAGE,42000.0,18.94,0.1114,0,9789,Under Forty,0,0.47827678677897345,0
92345,16000,MORTGAGE,45000.0,18.8,0.158,0,8724,OVER_FORTY,0,0.6033318423705291,0
72942,2300,MORTGAGE,67978.0,12.04,0.1064,0,7475,Under Forty,0,0.3469740739644542,0
75769,2100,RENT,44000.0,22.4,0.1756,0,7383,Under Forty,1,0.6195100496620426,0
68917,19200,MORTGAGE,50000.0,24.84,0.1064,0,5649,Under Forty,0,0.46514335152657155,0
110024,29175,MORTGAGE,65000.0,13.81,0.08900000000000001,0,13624,OVER_FORTY,0,0.3726859563890661,0
103557,1600,MORTGAGE,70000.0,12.77,0.1212,0,7749,OVER_FORTY,0,0.3792147742130278,0
103444,15000,RENT,60000.0,26.34,0.1409,0,10519,OVER_FORTY,0,0.5733783354307668,0
85733,10625,RENT,42500.0,7.03,0.1311,0,5131,OVER_FORTY,1,0.514240545685775,0
84979,24000,RENT,220000.0,12.77,0.1409,0,4400,Under Forty,0,0.38114257858958417,0
79416,14600,RENT,50000.0,24.08,0.1522,0,5437,Under Forty,0,0.6031665885380089,0
102316,29100,MORTGAGE,95000.0,8.67,0.1777,0,6988,OVER_FORTY,0,0.5437054445732659,0
93538,19075,RENT,73000.0,23.52,0.1905,0,4888,Under Forty,0,0.6428709247701515,1
104613,10000,RENT,49000.0,3.65,0.1212,0,6867,OVER_FORTY,1,0.46404485634913006,0
95062,12000,RENT,75000.0,5.2,0.079,0,9545,OVER_FORTY,0,0.29446457386507746,0
110841,18550,MORTGAGE,42000.0,18.26,0.1212,0,16210,OVER_FORTY,0,0.5315879946284391,0
107901,8000,RENT,45000.0,16.88,0.1433,0,9879,OVER_FORTY,0,0.5700492364279433,0
86904,9000,MORTGAGE,48000.0,21.55,0.1114,0,12711,Under Forty,0,0.4714411641658169,0
84509,9000,RENT,68000.0,18.74,0.1531,0,8418,Under Forty,1,0.5504733065377114,0
73460,10750,RENT,30784.0,27.23,0.1368,0,10855,OVER_FORTY,1,0.6335767497473908,1
81390,13225,MORTGAGE,57500.0,8.29,0.1016,0,8844,Under Forty,0,0.38753140416795867,0
98331,14000,MORTGAGE,153000.0,13.54,0.1016,0,8905,OVER_FORTY,0,0.2972948970110926,0
111923,8000,MORTGAGE,75000.0,14.13,0.1114,0,14050,Under Forty,0,0.39812994022228926,0
73047,12800,OWN,90000.0,12.08,0.08900000000000001,0,11401,Under Forty,0,0.31091855599044915,0
75521,8000,MORTGAGE,150000.0,9.5,0.2031,0,6988,Under Forty,0,0.5081127610804655,0
109519,17600,MORTGAGE,68000.0,13.27,0.1212,0,6441,OVER_FORTY,0,0.44265388052339644,0
103379,3000,MORTGAGE,35000.0,22.94,0.1409,0,16699,Under Forty,0,0.5709861761188744,0
88502,21550,MORTGAGE,79000.0,21.68,0.1212,0,7018,Under Forty,0,0.4545741704433933,0
81909,2000,OWN,76000.0,11.62,0.1409,0,4645,Under Forty,0,0.41490448066116353,0
86280,17000,MORTGAGE,79500.0,32.62,0.1409,0,8114,Under Forty,0,0.5333449400649828,0
95271,8000,RENT,26000.0,21.37,0.1212,0,6898,Under Forty,0,0.5811790819713126,0
99415,12000,RENT,48680.0,21.86,0.1777,0,8905,OVER_FORTY,0,0.6573503875272579,1
111658,10000,RENT,48000.0,14.8,0.1972,0,5406,Under Forty,0,0.6645808463483355,1
106594,10000,RENT,75000.0,15.63,0.1433,0,6837,Under Forty,0,0.5055142287415318,0
103620,11500,RENT,33000.0,8.07,0.1409,0,5861,Under Forty,0,0.5769407300995261,0
84569,20000,MORTGAGE,200000.0,10.27,0.0762,0,7291,OVER_FORTY,0,0.19938016968473096,0
71685,8000,MORTGAGE,95000.0,19.55,0.1064,0,9514,Under Forty,0,0.3637923319451991,0
70467,10000,MORTGAGE,60000.0,19.2,0.1064,0,9302,Under Forty,0,0.4203029916186606,0
111034,17000,MORTGAGE,75000.0,18.53,0.1409,0,7049,Under Forty,0,0.4993572722864984,0
110740,11400,MORTGAGE,134000.0,2.03,0.1016,0,6957,OVER_FORTY,0,0.27637140689463124,0
105783,28000,MORTGAGE,117864.0,4.66,0.0762,0,13288,OVER_FORTY,0,0.24608368322496812,0
73850,9000,OWN,30000.0,15.76,0.1064,0,8875,OVER_FORTY,0,0.489142140470686,0
83255,2300,MORTGAGE,123000.0,3.8,0.079,0,7628,OVER_FORTY,0,0.19640371656823125,0
87520,35000,RENT,85340.0,14.3,0.1777,0,7688,Under Forty,0,0.5999903536218533,0
68348,10000,MORTGAGE,50000.0,13.37,0.1522,0,7263,OVER_FORTY,0,0.5477366364284475,0
109213,14000,MORTGAGE,89000.0,14.86,0.08900000000000001,0,9424,Under Forty,0,0.3176763455283695,0
91135,6650,MORTGAGE,25000.0,10.32,0.0762,0,15327,Under Forty,0,0.3864104432758611,0
93627,12000,RENT,40000.0,20.07,0.1875,0,5041,Under Forty,0,0.682508522369676,1
76855,16950,MORTGAGE,94969.0,28.65,0.1064,0,10305,OVER_FORTY,0,0.4077320291642844,0
103115,15000,MORTGAGE,100000.0,14.04,0.08900000000000001,0,8328,Under Forty,0,0.30352442736084284,0
71509,14000,RENT,73000.0,4.14,0.1952,0,4980,Under Forty,0,0.5943749915685462,0
106310,12000,MORTGAGE,64000.0,20.4,0.1114,0,8175,Under Forty,0,0.43404609134773964,0
103759,10000,RENT,74000.0,13.2,0.1777,0,10975,Under Forty,0,0.5873948260014471,0
109747,14000,RENT,52000.0,20.82,0.1629,0,8936,Under Forty,0,0.6214903164879462,0
85886,4450,OWN,47500.0,25.97,0.1727,0,7110,Under Forty,0,0.6110431929542317,0
91399,5500,MORTGAGE,35000.0,14.71,0.1409,0,7872,Under Forty,0,0.5513690948039773,0
106711,22375,MORTGAGE,68000.0,3.86,0.1409,0,8844,Under Forty,0,0.48252542881893434,0
80470,35000,MORTGAGE,145000.0,22.54,0.1522,0,15480,Under Forty,0,0.49335405591506165,0
